Project_ID,Sector,Raw_Title,Date_of_Approval,Original_Target_Date,Anticipated_Completion_Date,Original_Cost_Cr,Anticipated_Cost_Cr,Cumulative_Expenditure_Cr
PRJ_00084,Not Specified,CIVIL AVIATION,,,,,,417.23
PRJ_02141,Not Specified,REHABILITATION AND UPGRADATION OF NH-219 FROM KM 58-600 TO KM 140- 750 IN THE STATE OF ANDHRA PRADES (MORTH) (N24000301),Mar-15,Oct-15,May-21,271.45,271.45,238.23
PRJ_04323,Not Specified,REHABILITATION AND UPGRADATION OF NH-42 FROM KM 4-350 TO KM 75-600 (MORTH) (N24000422),Mar-15,Sep-15,May-18,309.01,309.01,0
PRJ_01226,Not Specified,FOUR LANING OF 5.122 KM OF NH9(NEW NH 65) FROM KM 269.900(DESIGN CH0.0) TO KM 275/622(DESIGN CH 5.12 (MORTH) (N24000928),Oct-15,Dec-15,Jan-21,333.21,353.43,342.71
PRJ_01481,Not Specified,REHABILITATION AND UPGRADATION OF NH219(NEW NH42) FROM KM 244.930 TO 299.775 (MADANAPALLI PUNGANURU (MORTH) (N24000929),Sep-16,Feb-17,Feb-22,372.68,309.37,274.76
PRJ_02253,Not Specified,REHABILITATION AND UPGRADATION OF NH-340 FROM KM 0/0 TO KM 60/380 (DESIGN CH. 0/000 TO 60/025 EXCLUD (MORTH) (N24000932),Jan-17,Aug-17,Jul-22,319.28,319.28,241.94
PRJ_05231,Not Specified,CONSTRUCTION OF TWO LANE WITH PAVED SHOULDERS OF JORAM KOLORIANG ROAD (NH 713) ON EPC BASIS FROM EXI (NHIDCL) (N24000685),Feb-17,Apr-22,Nov-23,167.28,167.28,144.91
PRJ_04498,Not Specified,CONSTRUCTION OF 2 LANE ROAD OF POTIN TO PANGIN SECTION OF NH 13 FROM KM 77.95 TO KM 117.56 (PACKAGE (MORTH) (N24001291),Mar-19,Mar-27,Mar-27,421.48,421.48,365.83
PRJ_03129,Not Specified,SHRIRAMPUR (KM. 0.000) TO KOCHUGAON (KM. 30.000) OF BIJNI TO ASSAM./WEST BENGAL BORDER SECTION OF NH (NHAI) (N24001549),Jul-17,Apr-20,Jul-24,442.23,442.23,265.19
PRJ_01545,Not Specified,FOUR LANING OF BALACHERA- HARANGAJAO SECTION OF NH-54 (EXT) FROM KM 275.00 TO KM 244.000 IN THE STATE (NHIDCL) (N24000902),Oct-17,Jun-20,Apr-24,818,887.68,873.61
PRJ_03138,Not Specified,6L OF KANHAULI RAMNAGAR PATNA RING ROAD PKG I FROM KM 0.000 TO KM 39.160 OF SH78 NEW NH131G (NHAI) (N24001711),Sep-20,Mar-23,Dec-24,939.43,939.43,370.62
PRJ_03909,Not Specified,BALANCE WORK OF TWO LANING WITH PAVED SHOULDER OF PIPRAKOTHI?MOTIHARI- RAXAUL SECTION OF NH-28A FRO (NHAI) (N24001715),Dec-18,Oct-20,Jan-24,333.6,461.41,460.38
PRJ_04383,Not Specified,I AND D AND STP AT CHAPPRA (BUIDCO) (N30000028),Nov-18,Dec-20,Feb-24,236.15,236.15,142.08
PRJ_02513,Not Specified,"SEWER NETWORKS, SPS AND STP, MUNGER (BUIDCO) (N30000036)",Mar-18,Oct-21,Jun-24,294.02,294.02,365.58
PRJ_02756,Not Specified,SEWERAGE SYSTEM WITH SEWER NETWORK PATNA BEUR (BUIDCO) (N30000037),Dec-14,Mar-20,Jun-22,225.77,398.9,363.79
PRJ_04381,Not Specified,SAIDPUR SEWER NETWORK PATNA (BUIDCO) (N30000039),Apr-15,Jan-21,Jun-22,268.63,493.85,489.65
PRJ_04382,Not Specified,SEWERAGE SCHEME AT PAHARI ZONE V PATNA (BUIDCO) (N30000040),May-17,Apr-21,Feb-23,356.37,356.37,312.11
PRJ_02504,Not Specified,SEWERAGE TREATMENT PLANT AT PAHARI PATNA (BUIDCO) (N30000043),May-17,Nov-20,May-22,191.62,191.62,122.98
PRJ_02502,Not Specified,SEWERAGE SYSTEM WITH SEWER NETWORK PATNA KARMALICHAK (BUIDCO) (N30000044),Mar-17,May-21,Feb-23,277.42,277.42,345.95
PRJ_04109,Not Specified,UPGRADATION OF NH 930 JHALMALA TO SHERPER FROM NH KM 30.600 TO KM 67.800 TO TWOFOUR LANE WITH PAVED (MORTH) (N24001918),Dec-20,Aug-23,Jul-24,222.86,222.86,168.98
PRJ_02649,Not Specified,REHABILITATION AND UPGRADATION OF NH 111 FROM KM 163.400 TO 215.800 SHIVNAGAR TO AMBIKAPUR SECTION (MORTH) (N24001218),Nov-15,Jun-17,Jul-24,335.32,335.32,345.52
PRJ_02688,Not Specified,REHABILITATION AND UPGRADATION OF NH 200 FROM KM 178.944 TO 241.553 BANARI VILLAGE TO MASANIA KALA V (MORTH) (N24001219),Jan-16,Sep-16,Jul-24,476.2,543.73,501.42
PRJ_00083,Not Specified,ATOMIC ENERGY,,,,,,11459
PRJ_01812,Not Specified,FOUR LANING OF BHAVNAGAR-TALAJA SECTION OF NH-8E FROM KM. 7.090 TO KM. 53.585 (DESIGN CH FROM KM. 6. (NHAI) (N24000567),May-16,Aug-19,Feb-24,998.18,998.18,802.04
PRJ_04378,Not Specified,DWARKA EXPRESSWAY PKG-III (DELHI/HR BORDER TO START OF ROB GURUGRAM) (NHAI) (N24001780),Jan-18,Nov-20,Mar-24,2228,2228,1411.27
PRJ_03691,Not Specified,4L SUNDER NAGAR BYPASS FROM KM173.900 TO KM 179.600 OF NH-21 IN THE STATE OF HP (NHAI) (N24001810),Feb-22,Jun-24,Jun-24,190.6,163,103.48
PRJ_03047,Not Specified,CONSTRUCTION OF EMERGENCY LANDING FACILITY FROM KM. 246.60 TO KM. 249.70 ON SRINAGAR - BANIHAL SECTI (NHAI) (N24001624),Jul-19,Oct-20,Sep-24,157.05,157.05,134.59
PRJ_03179,Not Specified,MADHUBAND NLW WASHERY (BCCL) (N06000126),Aug-10,May-14,Nov-23,289.45,302,299.73
PRJ_01612,Not Specified,WIDENING TO TWO LANE WITH PAVED SHOULDER FROM KM 544.200 TO KM 594.000 OF NH-150A HOSMANE CROSS ? PA (MORTH) (N24001156),Jan-17,Sep-17,May-23,166.67,264.34,192.08
PRJ_00553,Not Specified,RECONSTRUCTION TO TWO LANE WITH PAVED SHOULDERS FROM DS. CH. 442+180 (EX. KM 448.00) TO DS. CH.485+2 (MORTH) (N24001158),Mar-18,Jun-19,Dec-23,159.97,242.61,113.15
PRJ_01567,Not Specified,WIDENING TO TWO LANE WITH PAVED SHOULDERS FROM KM 20.150 TO KM 40.00 OF BC ROAD KOTTIGEHARA SECTION (MORTH) (N24001159),Jan-18,Jul-18,Mar-22,159.7,159.7,142.88
PRJ_01632,Not Specified,WIDENING TO TWO LANE WITH PAVED SHOULDER FROM KM 194.900 TO KM 243.200 OF NH-234 BANAVARA- HULIYAR (MORTH) (N24001160),Sep-17,Oct-18,Apr-22,191.6,191.6,112.03
PRJ_01443,Not Specified,WIDENING TO TWO LANE WITH PAVED SHOULDERS FROM 24.600 TO 70.063 OF MUDIGERE TO KADUR SECTION OF NH- (MORTH) (N24001161),Dec-17,Jan-19,Apr-22,297.3,318.28,280.25
PRJ_03084,Not Specified,IMPROVEMENT AND RECONSTRUCTION TO TWO LANE WITH PAVED SHOULDERS FROM KM 489.845 (NEW KM.58.125) AN (MORTH) (N24001162),Mar-18,Oct-18,Nov-22,325.86,386.41,356.78
PRJ_04880,Not Specified,WIDENING TO 2 LANE WITH PAVED SHOULDERS FROM KM 0 TO 54 OF NH- 50 UNDER EPC MODE IN THE STATE OF KARN (MORTH) (N24001164),Oct-16,Mar-17,Jul-22,396.96,396.96,329.58
PRJ_02665,Not Specified,WIDENING TO 2 LANE WITH PAVED SHOULDERS FROM KM 34.00 TO 70.900 OF NH-150 UNDER EPC MODE IN THE STAT (MORTH) (N24001165),Nov-16,Mar-17,Oct-21,314.9,314.9,233.95
PRJ_01199,Not Specified,ESTIMATE FOR WIDENING TWO LANE TO FOUR LANE FROM FROM KM.129.00 TO 144.00 OF NH-63 ANKOLA-GOOTY SECT (MORTH) (N24001168),May-18,May-18,Dec-23,171.6,171.6,134.81
PRJ_01183,Not Specified,WIDENING TO TWO LANE WITH PAVED SHOULDER FROM KM 4.40 TO KM 56.00 OF NH-218 BIJAPURA-HUBLI SECTION U (MORTH) (N24001172),Jan-17,Aug-17,Jun-22,291.49,291.49,238.77
PRJ_01143,Not Specified,4-LANNING OF THALSERRY -MAHE BYPASS (NHAI) (N24000704),Sep-17,May-20,Feb-24,1124.11,1568,1521.71
PRJ_03212,Not Specified,KATNI - SINGRAULI DOUBLING PROJECT (WCR) (N22000351),Dec-15,Mar-20,Oct-24,1763.93,2445.3,2666.92
PRJ_03919,Not Specified,4L OF HARDA - BETUL (PKG-I) FROM KM.0 TO KM.30 [HARDA - TEMAGAON] (NHAI) (N24001763),Sep-21,Sep-23,Sep-24,774.16,893.08,463.85
PRJ_03920,Not Specified,4L OF HARDA - BETUL (PKG-III) FROM KM. 81.00 TO KM.121.248 [CHICHOLI - BETUL] (NHAI) (N24001764),Sep-21,Sep-23,Sep-24,814.04,947.29,468.95
PRJ_04370,Not Specified,BALANCE WORK OF 4L OF INDORE- GUJARAT/MP BORDER FROM KM 106.210 TO KM 115.250 (START AND END POINT OF (NHAI) (N24001768),Aug-19,Apr-23,Nov-23,323.51,323.51,48.2
PRJ_05244,Not Specified,2L+PS OF THIKRI ANJAD SECTION OF NH-347B (MORTH) (N24000892),Nov-17,Jul-18,Sep-23,249.05,249.05,221.19
PRJ_00255,Not Specified,NAGPUR RING ROAD PACKAGE-1 (NHAI) (N24000558),Mar-16,Jul-19,Sep-24,546,546,526.26
PRJ_00657,Not Specified,BHANDARA TO GHOTITOK (MORTH) (N24001018),Jan-17,Jun-19,Jun-19,392.83,392.83,274.75
PRJ_00669,Not Specified,MEHKAR TO AJISPUR (MORTH) (N24001048),Jan-17,Jul-19,Aug-23,232.77,232.77,151.6
PRJ_00589,Not Specified,DHAD BHOKARDAN TO BHOKARDHAN SILLOD (MORTH) (N24001062),Mar-18,Dec-19,Mar-24,336.21,336.21,236.11
PRJ_00583,Not Specified,PUNE RAIGARH DISTRICT BORDER TO MANGAON (MORTH) (N24001082),Mar-18,Dec-19,Dec-23,223.46,223.46,123.46
PRJ_05258,Not Specified,CHIMUR TO WARORA (MORTH) (N24001105),Nov-16,Mar-19,Mar-19,467.7,467.7,235.04
PRJ_05263,Not Specified,PARLI PIMPLA DAHIGUDA (MORTH) (N24001138),Feb-17,Jun-19,Aug-23,205.72,205.72,85.71
PRJ_05273,Not Specified,IMPHAL ? MOREH (PACKAGE 4) (NHIDCL) (N24001399),Mar-21,Jan-23,Apr-24,277.99,277.99,146.35
PRJ_05276,Not Specified,MARIAM - PEREN PKG-2B (NHIDCL) (N24001351),Feb-21,Dec-22,Mar-24,232.26,232.26,156.93
PRJ_05273,Not Specified,IMPHAL ? MOREH PACKAGE- 3 (NHIDCL) (N24001352),Mar-21,Dec-22,Jun-24,259.31,259.31,144.94
PRJ_05285,Not Specified,1083,,Mar-19,Mar-19,,,306.28
PRJ_04150,Not Specified,CONSTRUCTION OF TWO LANE WITH PAVED SHOULDER OF SELLING-DULTE SECTION OF NH-06 (PKG-IV) (NHIDCL) (N24001283),Mar-20,Jul-22,Jan-24,281.78,253.41,237.91
PRJ_05294,Not Specified,DULTE- KWALKULH - CHAMPAI PKG.1 (NHIDCL) (N24001355),Mar-21,Dec-22,Mar-24,374.39,374.39,292.27
PRJ_05294,Not Specified,DULTE- KWALKULH - CHAMPAI PKG.2 (NHIDCL) (N24001356),Mar-21,Dec-22,Apr-24,233.25,233.25,178.37
PRJ_05294,Not Specified,DULTE- KWALKULH - CHAMPAI PKG.3 (NHIDCL) (N24001357),Mar-21,Jun-23,Jan-24,674.71,674.71,589.25
PRJ_03013,Not Specified,NORTH EASTERN REGION STRENGTHENING SCHEME-XII (PGCIL) (N18000316),May-21,Mar-23,Aug-24,576.42,576.42,418.46
PRJ_03200,Not Specified,PHULERA - DIGANA DOUBLING (NWR) (N22000326),May-15,Mar-20,Apr-24,600,701.81,733.13
PRJ_05312,Not Specified,1164,,Mar-23,Mar-23,,,239.6
PRJ_02484,Not Specified,CONSTRUCTION OF 2 LANE WITH PAVED SHOULDER FROM KM. 168 TO 183.783 (YESEMYONG TO UNGER) ON MOKOKCHUN (MORTH) (N24001179),Mar-17,Nov-20,Feb-23,217.35,217.35,214.18
PRJ_02482,Not Specified,WIDENING OF EXISTING SINGLE/INTERMEDIATE LANE ROAD TO 2 LANE ROAD FROM KM. 83.00 TO KM 101.00 ON NH- (MORTH) (N24001180),Mar-19,Dec-22,Jan-23,237.51,237.51,201.2
PRJ_03882,Not Specified,2 LANING OF KOHIMA - JESSAMI SECTION (PACKAGE I) (NHIDCL) (N24001280),Mar-20,Jun-22,Sep-23,320.97,320.97,182.21
PRJ_04354,Not Specified,2-LANING OF CHANGTONGYA TO LONGLENG ROAD OF NH-702 (PKG-I) (NHIDCL) (N24001286),Mar-20,Jun-22,Jun-23,278.95,278.95,166.29
PRJ_05336,Not Specified,1223,,Sep-19,Sep-19,,,225.79
PRJ_03048,Not Specified,BALANCE WORK OF PANIKOILI RIMULI SECTION OF NEW NH-20 FROM KM 0.00 TO KM. 163.000 (NHAI) (N24001647),Aug-20,Mar-22,Sep-24,200,154.73,137.04
PRJ_04374,Not Specified,4L OF MALOUT-MANDI DABWALI SECTION PKG-01 DANEWALA AT KM 7.000 TO MANDI DABWALI AT KM 29.500 OF NH-0 (NHAI) (N24001645),Dec-20,Jun-23,Feb-24,366.85,366.85,519.77
PRJ_00641,Not Specified,WIDENING AND PAVED SHOULDER OF TOHANA (IN HARYANA) PUNJAB/HARYANA BORDER TO MOONAK-JAKHAL-BUDHLADA (MORTH) (N24000907),Mar-18,Aug-20,Jul-24,293.1,315,306.6
PRJ_04063,Not Specified,TRANSMISSION SYSTEM STRENGTHENING SCHEME FOR EVACUATION OF POWER FROM SOLAR ENERGY ZONES IN RAJASTHA (PGCIL) (N18000305),Jun-21,Dec-22,Aug-24,713.82,713.82,671.59
PRJ_05359,Not Specified,1360,,Feb-97,Feb-97,,,410.08
PRJ_04189,Not Specified,DEOGARH (NEAR DHANDHANIYA)- RAJASTHAN/GUJARAT BORDER (PHASE- I) (AJ/DRGB-PACKAGE-8) (NHAI) (N24001561),Oct-19,Oct-23,Aug-24,839.63,839.63,213.85
PRJ_04363,Not Specified,DELHI-VADODARA GREENFIELD ALIGNMENT (NH-148N) (PKG-11) (CH. 319.400 TO CH. 331.030) [HARDEOGANJ VILL (NHAI) (N24001566),Nov-19,May-23,Aug-23,1640.1,1640.1,1159.13
PRJ_04367,Not Specified,DELHI-VADODARA GREENFIELD ALIGNMENT (NH-148N) (PKG-12) (CH. 331.030 TO CH. 359.170) [MAJOR BRIDGE ON (NHAI) (N24001569),Nov-19,Mar-23,Jun-24,1425.02,1425.02,1373.31
PRJ_04359,Not Specified,CONSTUCTION/UPGRADATION OF EXISTING HIGHWAY TO 2 LANE WITH PAVED SHOULDER FROM KM 26.10 TO KM 40.00 (NHIDCL) (N24001254),Mar-20,Jun-22,Jan-24,242.97,244.45,246.91
PRJ_05378,Not Specified,1420,,Aug-18,Aug-18,,,951.28
PRJ_05381,Not Specified,1423,,Nov-17,Nov-17,,,348.77
PRJ_03901,Not Specified,4-LANING OF ODDANCHATRAM - MADATHUKULAM SECTION OF NH-209 (NEW NH-83) (NHAI) (N24001603),Jan-19,Oct-22,Dec-23,1518.53,1607.54,915.4
PRJ_04369,Not Specified,"REMAINING WORK OF 2L+PS OF TRICHY - KARAIKUDI SECTION OF NH- 210, INCLUDING TRICHY BYPASS (NHAI) (N24001604)",Feb-19,Mar-21,Oct-23,166.9,166.9,121.94
PRJ_00097,Not Specified,URBAN DEVELOPMEN T,,,,,,14600
PRJ_00084,Not Specified,CIVIL AVIATION,,,,,,353.61
PRJ_05407,Not Specified,1504,,Jan-16,Jan-16,,,10598.98
PRJ_01157,Not Specified,WIDEINING TO TWO/FOUR LANE WITH PAVED SHOULDERS FROM EXISTING KM 180.60 TO KM 223.00 OF NH-63 ON NIZ (MORTH) (N24000981),Oct-16,Mar-19,Aug-24,248.83,248.83,173.82
PRJ_05425,Not Specified,1554,,Sep-20,Sep-20,,,173.17
PRJ_04345,Not Specified,ALLAHGANJ TO MIRANPUR KATRA SECTION OF NH-730C FROM KM.52.770 TO 114.00 (MORTH) (N24001463),Apr-20,Jul-24,Feb-24,294.84,294.84,271.61
PRJ_05456,Not Specified,1683,,May-17,May-17,,,767.59
PRJ_00628,Not Specified,RECONSTRUCTION WITH GEOMETRIC IMPROVEMENT OF EXISTING 2 LANE/INTERMEDIATE LANE TO 2LANE WITH PAVED S (MORTH) (N24000772),Dec-17,Dec-19,Dec-19,257.34,257.34,232.69
PRJ_00628,Not Specified,RECONSTRUCTION WITH GEOMETRIC IMPROVEMENT OF EXISTING 2 LANE/INTERMEDIATE LANE TO 2LANE WITH PAVED S (MORTH) (N24000773),Dec-17,Dec-19,Dec-19,200.34,200.34,227.98
PRJ_00629,Not Specified,WIDENING OF EXISTING SINGLE LANE ROAD TO TWO LANE WITH PAVED SHOULDERS CONFIGURATION FROM KM. 235.00 (MORTH) (N24000774),Dec-17,Dec-19,Dec-19,248.22,248.22,236.8
PRJ_00628,Not Specified,RECONSTRUCTION WITH GEOMETRIC IMPROVEMENT OF EXISTING 2 LANE/INTERMEDIATE LANE TO 2LANE WITH PAVED S (MORTH) (N24000775),Jun-17,Jun-19,Mar-23,282.08,282.08,234.97
PRJ_00630,Not Specified,RECONSTRUCTION WITH GEOMETIC IMPROVEMENT OF EXISTING TWO LANE TO 2- LANE WITH PAVED SHOULDERS CONFIG (MORTH) (N24000776),Nov-17,Nov-19,Nov-19,232.81,232.81,201.58
PRJ_02641,Not Specified,RECONSTRUCTION WITH GEOMETIC IMPROVEMENT OF SINGLE LANE TO 2- LANE WITH PAVED SHOULDER CONFIGURATION (MORTH) (N24000777),Nov-17,Nov-19,Nov-19,283.51,283.51,278.51
PRJ_00628,Not Specified,RECONSTRUCTION WITH GEOMETRIC IMPROVEMENT OF EXISTING SINGLE/INTERMEDIATE LANE TO 2LANE WITH PAVED S (MORTH) (N24000778),Nov-17,Nov-19,Nov-19,266.52,266.52,250.34
PRJ_01526,Not Specified,REHABILITATION AND UP GRADATION OF 2 LANE/ 2 LANE WITH PAVED SHOULDER FROM EXISTING KM. 172.900 TO K (MORTH) (N24000780),Feb-18,Apr-23,Apr-23,293.68,293.68,244.25
PRJ_05468,Not Specified,1721,,Aug-16,Aug-16,,,234.88
PRJ_05469,Not Specified,1722,,Mar-17,Mar-17,,,158
PRJ_05470,Not Specified,1723,,Jan-16,Jan-16,,,458
PRJ_05471,Not Specified,1724,,Jan-19,Jan-19,,,389.71
PRJ_03112,Not Specified,FOUR LANING OF BAL. WORKS OF BARASAT-KRISHNAGAR FROM KM.48.553 TO KM.115.272 (NHAI) (N24001752),Dec-18,Feb-23,Sep-24,2375.87,2843.79,2371.78
PRJ_05493,Not Specified,1764,,Dec-15,Dec-15,,,1083
PRJ_05498,Not Specified,1769,,Mar-16,Mar-16,,,160.27
PRJ_02501,Not Specified,"INTERCEPTION, DIVERSION AND TREATMENT WORKS AT HOWRAH (KMDA) (N30000045)",Aug-17,Dec-21,Feb-24,185.22,185.22,49.99
PRJ_02755,Not Specified,SEWERAGE SYSTEM AND STP WORKS AT HALISHAHR (KMDA) (N30000046),Feb-14,Dec-19,Jun-22,274.76,332.56,276.8
PRJ_00084,Not Specified,CIVIL AVIATION,,,,,,417.23
PRJ_00084,Not Specified,CIVIL AVIATION,,,,,,177.1
PRJ_02850,Not Specified,DEPARTMENT OF HIGHER EDUCATION,,,,,,496.18
PRJ_02850,Not Specified,DEPARTMENT OF HIGHER EDUCATION,,,,,,808.62
PRJ_00089,Not Specified,PETROLEUM,,,,,,456
PRJ_00090,Not Specified,POWER,,,,,,271.69
PRJ_00084,Not Specified,CIVIL AVIATION,,,,,,303.8
PRJ_02853,Not Specified,DPIIT,,,,,,4773
PRJ_02851,Not Specified,HOME AFFAIRS,,,,,,1219.21
PRJ_00102,Not Specified,SECTOR,,,,,,
PRJ_02850,Not Specified,DEPARTMENT OF HIGHER EDUCATION,,,,,,676
PRJ_00093,Not Specified,RAILWAYS,,,,,,2500
PRJ_00092,Not Specified,HEALTH AND FAMILY WELFARE,,,,,,150.29
PRJ_00084,Not Specified,CIVIL AVIATION,,,,,,412.24
PRJ_00084,Not Specified,CIVIL AVIATION,,,,,,255.68
PRJ_02850,Not Specified,DEPARTMENT OF HIGHER EDUCATION,,,,,,223.37
PRJ_02852,Not Specified,FINANCE,,,,,,348.77
PRJ_00084,Not Specified,CIVIL AVIATION,,,,,,353.61
PRJ_00084,Not Specified,CIVIL AVIATION,,,,,,456.86
PRJ_00756,WISE ANALYSIS OF PROJECTS RS. 150 CRORE AND ABOVE,"NEYVELI NEW THERMAL POWER PROJECT(2X500 MW) - [N06000095]NLC,TAMIL NADU ,",Jun-11,,,7980.79,7980.79,7068.54
PRJ_02604,WISE ANALYSIS OF PROJECTS RS. 150 CRORE AND ABOVE,"CONSTRUCTION OF PERMANENT CAMPUS FOR NATIONAL INSTITUTE OF TECHNOLOGY GOA AT CUNCOLIM GOA. - [N42000002]CPWD,GOA ,",May-19,,,303.9,303.9,
PRJ_02389,WISE ANALYSIS OF PROJECTS RS. 150 CRORE AND ABOVE,"CONSTRUCTION AND DEVELOPMENT OF NATINAL INSTITUTE OF TECHNOLOGY MEGHALAYA PERMANENT CAMPUS AT SOHRA - [N42000001]RITES,MEGHALAYA ,",Sep-13,,,626.26,626.26,
PRJ_02605,WISE ANALYSIS OF PROJECTS RS. 150 CRORE AND ABOVE,"STUDY IN INDIA - [N42000003]EDCIL,MULTI STATE ,",Mar-18,,,150,150,
PRJ_02606,WISE ANALYSIS OF PROJECTS RS. 150 CRORE AND ABOVE,"SCHEME FOR PROMOTION OF ACADEMIC AND RESEARCH COLLABORATION - [N42000004]IITKGP,MULTI STATE ,",Aug-18,,,418,418,110
PRJ_01440,WISE ANALYSIS OF PROJECTS RS. 150 CRORE AND ABOVE,"CONSTRUCTION OF MAJOR BRIDGE OVER MIDDLE STRAIT CREEK BETWEEN KM. 106.590 TO KM. 107.762 OF NH 223 ( - [N24000744]NHIDCL,A & N ISLANDS ,",Mar-15,,,262.97,262.97,
PRJ_01492,WISE ANALYSIS OF PROJECTS RS. 150 CRORE AND ABOVE,"CONSTRUCTION OF MAJOR BRIDGE OVER HUMPHREY STRAIT CREEK BETWEEN KM. 129.420 TO KM. 130.600 OF NH 4 C - [N24000746]NHIDCL,A & N ISLANDS ,",Mar-15,,,277.17,277.17,159.49
PRJ_02745,WISE ANALYSIS OF PROJECTS RS. 150 CRORE AND ABOVE,"AJANTHA TO BULDHANA - [N24001008]MORTH,A & N ISLANDS ,",Feb-17,,,401,401,143.81
PRJ_01522,WISE ANALYSIS OF PROJECTS RS. 150 CRORE AND ABOVE,"TIRUPATI - TIRUTHANI - CHENNAI - [N24000178]NHAI,ANDHRA PRADESH , PPP (BOT)",Apr-11,,,571,571,582.53
PRJ_01224,WISE ANALYSIS OF PROJECTS RS. 150 CRORE AND ABOVE,"SIX LANNING OF NELLORE-CHILKALURIPET KM.1182.802 TO KM.1366.547 - [N24000183]NHAI,ANDHRA PRADESH , PPP (BOT)",Nov-11,,,1535,1535,3264.4
PRJ_01226,WISE ANALYSIS OF PROJECTS RS. 150 CRORE AND ABOVE,"FOUR LANING OF 5.122 KM OF NH9 ( NEW NH 65) FROM KM 269.900 ( DESIGN CH0.0 ) TO KM 275-622( DESIGN C - [N24000274]MORTH,ANDHRA PRADESH ,",Jul-15,,,333.21,333.21,256.11
PRJ_00303,WISE ANALYSIS OF PROJECTS RS. 150 CRORE AND ABOVE,"HARANGAJO TO MAIBANG (AS-23), KM.126.450 TO KM.140.700 - [240106277",Dec-03,,,520,520,492.41
PRJ_00894,WISE ANALYSIS OF PROJECTS RS. 150 CRORE AND ABOVE,"KALINARAYANPUR- KRISHNANAGAR DOUBLING ALONGWITH KRISHNANAGAR - CHAPRA NEW LINE AND NAIHATI-RANAGHAT 3 - [N22000224]ER,MULTI STATE",Apr-01,,,995.1,995.1,534.94
PRJ_01735,WISE ANALYSIS OF PROJECTS RS. 150 CRORE AND ABOVE,"GAYA-DALTONGANJ VIA RAFIGANJ (NL) - [N22000168]ECR,BIHAR",Apr-08,,,,,
PRJ_01850,WISE ANALYSIS OF PROJECTS RS. 150 CRORE AND ABOVE,"FOUR LANING OF TRICHY TO KALLAGAM SECTION ON NH-227 IN THE STATE OF TAMIL NADU - [N24000785]NHAI,TAMIL NADU",Feb-18,,,1166.26,1166.26,163.29
PRJ_01333,WISE ANALYSIS OF PROJECTS RS. 150 CRORE AND ABOVE,"LGBRIMH-TEZPUR, ASSAM - [N21000007]HSCC,ASSAM",Jul-12,,,,,
PRJ_02468,WISE ANALYSIS OF PROJECTS RS. 150 CRORE AND ABOVE,CONSTRUCTION OF 80000MT LPG CAVERN AT MANGALORE - [N16000369,Dec-18,,,854,854,111.06
PRJ_01072,WISE ANALYSIS OF PROJECTS RS. 150 CRORE AND ABOVE,"4-LANING OF BRAHAMPORE-FARAKA - [N24000203]NHAI,WEST BENGAL",Feb-11,,,998.79,998.79,1832.25
PRJ_02174,WISE ANALYSIS OF PROJECTS RS. 150 CRORE AND ABOVE,4-LANING OF BRAHAMPORE-FARAKA,,Feb-11,Feb-11,,,998.79
PRJ_02324,WISE ANALYSIS OF PROJECTS RS. 150 CRORE AND ABOVE,SAMBALPUR - TITLAGARH - DOUBLING,,Mar-06,Mar-06,,,948.04
PRJ_00293,WISE ANALYSIS OF PROJECTS RS. 150 CRORE AND ABOVE,4-LANING OF BRAHAMPORE-FARAKA - PPP (BOT) - [N24000203 ],Feb-11,,,998.79,998.79,
PRJ_05775,WISE ANALYSIS OF PROJECTS RS. 150 CRORE AND ABOVE,PANIPAT-JALANDHAR 6 LANE(KM 96 TO 387.1 KM) - PPP (BOT) - [N24000133 ],May-09,,,2967.5,2967.5,167.82
PRJ_03673,CENTRAL  PROJECTS,"4LPS OF MUZAFFARNAGAR TO MIRANPUR SECTION OF NH-709AD, PKG-III EPC",Nov-21,,,,,923.15
PRJ_02125,Not Specified,CONSTRUCTION OF 2-LANE MELLI MANPUR NAMCHI ROAD IN SOUTH SIKKIM,Jan-13,Feb-13,Feb-13,,,
PRJ_00749,WISE ANALYSIS OF PROJECTS RS.150 CRORE AND ABOVE,"SONEPUR BAZARI (COMB) OCP (8.0 MTY) - [N06000109]ECL,WEST BENGAL ,",Aug-12,,,1055.05,1055.05,434.55
PRJ_00164,WISE ANALYSIS OF PROJECTS RS.150 CRORE AND ABOVE,"GONDA - BAHRAICH (60 KIMS.) OF GONDA- BAHRAICH-SITAPUR-LUCKNOW - [N22000455]NER,UTTAR PRADESH ,",Apr-97,,,318.42,318.42,348.82
PRJ_00514,WISE ANALYSIS OF PROJECTS RS.150 CRORE AND ABOVE,"BAHRAICH - MAILANI GAUGE CONVERSION INCLUDING BY-PASS AT MAILANI. - [N22000457]NER,UTTAR PRADESH ,",Apr-16,,,1277.06,1277.06,
PRJ_00873,WISE ANALYSIS OF PROJECTS RS.150 CRORE AND ABOVE,"MANDHANA - BRAHMAWART NEW LINE PROJECT. - [N22000458]NER,UTTAR PRADESH ,",Apr-97,,,1807.88,1807.88,1805.98
PRJ_00920,WISE ANALYSIS OF PROJECTS RS.150 CRORE AND ABOVE,"NANPARA - NEPALGANJ GAUGE CONVERSION. - [N22000459]NER,UTTAR PRADESH ,",Apr-17,,,150,150,
PRJ_01359,WISE ANALYSIS OF PROJECTS RS.150 CRORE AND ABOVE,"PADRAUNA - KUSHINAGAR VIA GORAKHPUR - NEW LINE - [N22000460]NER,UTTAR PRADESH ,",Apr-17,,,1345,1345,
PRJ_00960,WISE ANALYSIS OF PROJECTS RS.150 CRORE AND ABOVE,"PILIBHIT - SHAHJAHANPUR GAUGE CONVERSION - [N22000461]NER,UTTAR PRADESH ,",Apr-17,,,426.74,426.74,107.98
PRJ_00883,WISE ANALYSIS OF PROJECTS RS.150 CRORE AND ABOVE,"ETAH - KASGANJ - NEW LINE - [N22000462]NER,UTTAR PRADESH ,",Apr-17,,,276.9,276.9,
PRJ_04081,WISE ANALYSIS OF PROJECTS RS.150 CRORE AND ABOVE,"JHANSI MANIKPUR AND KHAIRAR BHIMSEN DOUBLING - [N22000495]NCR,UTTAR PRADESH ,",Mar-18,,,4329.53,4329.53,
PRJ_04313,WISE ANALYSIS OF PROJECTS RS.150 CRORE AND ABOVE,"JHANSI BINA DOUBLING - [N22000496]NCR,UTTAR PRADESH ,",Sep-16,,,2001,2001,
PRJ_01404,WISE ANALYSIS OF PROJECTS RS.150 CRORE AND ABOVE,"KICHHA-KHATIMA (NL) - NER - [220100317]NER,UTTARAKHAND ,",Apr-03,,,228.4,228.4,
PRJ_00930,WISE ANALYSIS OF PROJECTS RS.150 CRORE AND ABOVE,"RISHIKESH - KARNAPRAYAG NEW LINE - [N22000406]RVNL,UTTARAKHAND ,",Apr-11,,,16216,16216,1317.68
PRJ_00868,WISE ANALYSIS OF PROJECTS RS.150 CRORE AND ABOVE,"NEW BG RLY LINE FROM EKLAKHI-BALURGHAT INCLUDING GAZOLE-ITAHAR(NL) NEFR - [220100135]NFR,WEST BENGAL ,",Apr-83,,,614,614,274.82
PRJ_01013,WISE ANALYSIS OF PROJECTS RS.150 CRORE AND ABOVE,"HOWRAH-AMTA-CHAMPADANGA NL (SER) - [220100208]SER,WEST BENGAL ,",Apr-74,,,1026,1026,182.49
PRJ_00161,WISE ANALYSIS OF PROJECTS RS.150 CRORE AND ABOVE,"TOLLYGANJ-GARIA WITH EXTENSION TO DUM DUM- NOAPARA AND NOAPARA-NSCB AIRPORT(MTP) - [220100268]MRTP,WEST BENGAL ,",Mar-00,,,3404.92,3404.92,3544.3
PRJ_00938,WISE ANALYSIS OF PROJECTS RS.150 CRORE AND ABOVE,"TARAKESWAR - BISHNUPUR NEW BG LINE (NL) ER - [220100272]ER,WEST BENGAL ,",Apr-00,,,1620.01,1620.01,849.73
PRJ_00999,WISE ANALYSIS OF PROJECTS RS.150 CRORE AND ABOVE,"BARDHAMAN-KATWA (GC) - [N22000091]ER,WEST BENGAL ,",Apr-07,,,1092.2,1092.2,671.23
PRJ_00919,WISE ANALYSIS OF PROJECTS RS.150 CRORE AND ABOVE,"TAMLUK DIGHA LINE DOUBLING (SER) - [N22000097]SER,WEST BENGAL ,",Mar-84,,,749.69,749.69,
PRJ_02372,WISE ANALYSIS OF PROJECTS RS.150 CRORE AND ABOVE,"HARANGAJO TO MAIBANG, NH-54",,Dec-03,Dec-03,,,340.12
PRJ_00488,WISE ANALYSIS OF PROJECTS RS.150 CRORE AND ABOVE,120 TMTPA LPG BOTTLING PLANT AT GORAKHPUR UP - [N16000354,Mar-14,,,204,204,
PRJ_00854,WISE ANALYSIS OF PROJECTS RS.150 CRORE AND ABOVE,"NORTH- EAST NORTH WESTERN INTERCONNECTOR I PROJECT - [N18000066]PGCIL,MULTI STATE",Feb-09,,,14719.1,14719.1,12733.2
PRJ_00970,WISE ANALYSIS OF PROJECTS RS.150 CRORE AND ABOVE,"MUMBAI URBAN TRANSPORT PROJECT PHASE-II - [N22000092]MRTP,MAHARASHTRA",Apr-08,,,,,
PRJ_01874,WISE ANALYSIS OF PROJECTS RS.150 CRORE AND ABOVE,"CONSTRUCTION OF 8 LANING OF EXISTING 4 LANE VADAPE TO THANE FROM KM 539.202 TO KM 563.000 SECTION OF - [N24000851]NHAI,MAHARASHTRA",Mar-18,,,1162.92,1162.92,
PRJ_01333,WISE ANALYSIS OF PROJECTS RS.150 CRORE AND ABOVE,"LGBRIMH-TEZPUR, ASSAM - [N21000007]HSCC,ASSAM",Jul-12,,,,,
PRJ_00448,WISE ANALYSIS OF PROJECTS RS.150 CRORE AND ABOVE,MDPL CAPACITY EXPANSION AND PALANPUR VADODARA PIPELINE EXTENSION - [N16000238,Sep-16,,,1879,1879,1308.78
PRJ_00448,WISE ANALYSIS OF PROJECTS RS.150 CRORE AND ABOVE,MDPL CAPACITY EXPANSION AND PALANPUR VADODARA PIPELINE EXTENSION - [N16000238,Sep-16,,,1879,1879,1308.78
PRJ_00206,WISE ANALYSIS OF PROJECTS RS.150 CRORE AND ABOVE,"NEW B.G. LINE FROM TETELIA TO BYRNIHAT (NATIONAL PROJECT), NEFR - [N22000086",Sep-06,,,1532,1532,297.72
PRJ_02322,WISE ANALYSIS OF PROJECTS RS.150 CRORE AND ABOVE,WESTERN DEDICATED FREIGHT CORRIDOR,,Nov-07,Nov-07,,,
PRJ_00727,WISE ANALYSIS OF PROJECTS RS. 150 CRORE AND ABOVE,"EXPANSION OF MINE-I (LEASE AREA) AND MINE-I A (3.0 TO 7.0 MTPA) - [N06000138]NLC,TAMIL NADU ,",Apr-13,,,709.06,709.06,473.89
PRJ_00829,WISE ANALYSIS OF PROJECTS RS. 150 CRORE AND ABOVE,"TELANGANA SUPER THERMAL POWER PROJECT PHASE I - [N18000212]NTPC,TELANGANA ,",Jan-16,,,10598.98,10598.98,7540.72
PRJ_00834,WISE ANALYSIS OF PROJECTS RS. 150 CRORE AND ABOVE,"TANDA TPP STAGE-II (2X660 MW) - [N18000175]NTPC,UTTAR PRADESH ,",Sep-14,,,10016.1,10016.1,7594.86
PRJ_00847,WISE ANALYSIS OF PROJECTS RS. 150 CRORE AND ABOVE,"MUNPL-MEJA TPP - JV (2X660 MW) - [N18000193]NTPC,UTTAR PRADESH , JOINT VENTURE",Apr-12,,,12176.28,12176.28,10732
PRJ_02566,WISE ANALYSIS OF PROJECTS RS. 150 CRORE AND ABOVE,"KHURJA SUPER THERMAL POWER PROJECT - [N18000272]THDCIL,UTTAR PRADESH ,",Mar-19,,,11089.42,11089.42,1039.75
PRJ_05619,WISE ANALYSIS OF PROJECTS RS. 150 CRORE AND ABOVE,"140 MW BILHAUR SOLAR PV PROJECT BILHAUR UP - [N18000273]NTPC,UTTAR PRADESH ,",Dec-18,,,587.44,587.44,250
PRJ_05619,WISE ANALYSIS OF PROJECTS RS. 150 CRORE AND ABOVE,"85 MW BILHAUR SOLAR PV PROJECT BILHAUR UP - [N18000274]NTPC,UTTAR PRADESH ,",Mar-19,,,349,349,125
PRJ_00849,WISE ANALYSIS OF PROJECTS RS. 150 CRORE AND ABOVE,"TAPOVAN-VISHNUGAD HEP (4X130MW) - [N18000014]NTPC,UTTARAKHAND ,",Nov-06,,,5867.38,5867.38,4610.76
PRJ_00845,WISE ANALYSIS OF PROJECTS RS. 150 CRORE AND ABOVE,"VISHNUGAD PIPALKOTI HYDRO ELECTRIC PROJECT - [N18000042]THDCIL,UTTARAKHAND ,",Aug-08,,,3860.35,3860.35,2021.39
PRJ_01347,WISE ANALYSIS OF PROJECTS RS. 150 CRORE AND ABOVE,"LATA-TAPOVAN HYDRO ELECTRIC POWER PROJECT 3X57 MW - [N18000142]NTPC,UTTARAKHAND ,",Jul-12,,,1801.07,1801.07,149.21
PRJ_05620,WISE ANALYSIS OF PROJECTS RS. 150 CRORE AND ABOVE,"NAITWAR MORI HEP - [N18000265]SJVN,UTTARAKHAND ,",Oct-17,,,648.33,648.33,393.69
PRJ_00858,WISE ANALYSIS OF PROJECTS RS. 150 CRORE AND ABOVE,"FLAS RAMMAM-III HEPP (3X40 MW) - [N18000178]NTPC,WEST BENGAL ,",Sep-14,,,1592.34,1592.34,592.11
PRJ_00827,WISE ANALYSIS OF PROJECTS RS. 150 CRORE AND ABOVE,"EASTERN REGION STRENGTHENNING SCHEME-XV - [N18000214]PGCIL,WEST BENGAL ,",Apr-16,,,454.11,454.11,332.82
PRJ_02567,WISE ANALYSIS OF PROJECTS RS. 150 CRORE AND ABOVE,"DURGAPUR PP-III (2X20 MW) - NSPCL - [N18000277]NTPC,WEST BENGAL ,",Dec-16,,,529.68,529.68,294.18
PRJ_05621,WISE ANALYSIS OF PROJECTS RS. 150 CRORE AND ABOVE,"LOPMENT OF ADVANCED ULTRA SUPER CRITICAL TECHNOLOGIES IN THERMAL POWER PLANTS IN INDIA - [N20000002]BHEL,DELHI , CENTRAL SECTOR PROJECTS",Aug-16,,,1554,1554,802.34
PRJ_00768,WISE ANALYSIS OF PROJECTS RS. 150 CRORE AND ABOVE,"RESIDENTIAL COMPLEX AND OPD BLOCK AIIMS- MNAGLAGIRI GUNTUR ANDHRA PRADESH - [N21000017]HSCC,ANDHRA PRADESH , CENTRAL SECTOR PROJECTS",Aug-17,,,272.54,272.54,231.47
PRJ_05622,WISE ANALYSIS OF PROJECTS RS. 150 CRORE AND ABOVE,"HOSPITAL AND TEACHING- AIIMS GUNTUR - [N21000020]HSCC,ANDHRA PRADESH , CENTRAL SECTOR PROJECTS",Mar-18,,,601.02,601.02,289.97
PRJ_01333,WISE ANALYSIS OF PROJECTS RS. 150 CRORE AND ABOVE,"LGBRIMH-TEZPUR ASSAM - [N21000007]HSCC,ASSAM ,",Jul-12,,,175.57,175.57,163.37
PRJ_00764,WISE ANALYSIS OF PROJECTS RS. 150 CRORE AND ABOVE,"ALL INDIA INSTITUTE OF MEDICAL SCIENCE AT GUWAHATI ASSAM - [N21000027]HITES,ASSAM ,",May-17,,,747.8,747.8,223.03
PRJ_00758,WISE ANALYSIS OF PROJECTS RS. 150 CRORE AND ABOVE,"LHMC NEW DELHI-RE-DEVELOPMENT - [N21000003]HSCC,DELHI ,",Feb-13,,,499.23,499.23,409.86
PRJ_02248,WISE ANALYSIS OF PROJECTS RS. 150 CRORE AND ABOVE,REHABILITATION AND UPGRADATION OF NEW NH-544DD (OLD SH-30) FROM DESIGN CHAINAGE KM 0.000 TO 56.000 ( - [N24000938,Mar-18,,,294.12,294.12,373.98
PRJ_00457,WISE ANALYSIS OF PROJECTS RS. 150 CRORE AND ABOVE,REVAMPING OF MARKETING TERMINAL AT VISHAKHAPATNAM - [N16000270,Jul-14,,,247,247,
PRJ_00093,WISE ANALYSIS OF PROJECTS RS. 150 CRORE AND ABOVE,RAILWAYS,,,,2393.47,2393.47,5521.45
PRJ_00093,WISE ANALYSIS OF PROJECTS RS. 150 CRORE AND ABOVE,RAILWAYS,,,,569.63,569.63,670
PRJ_00093,WISE ANALYSIS OF PROJECTS RS. 150 CRORE AND ABOVE,RAILWAYS,,,,258.2,258.2,358.68
PRJ_00094,WISE ANALYSIS OF PROJECTS RS. 150 CRORE AND ABOVE,ROAD TRANSPORT AND HIGHWAYS,,,,155.04,155.04,255.23
PRJ_00894,WISE ANALYSIS OF PROJECTS RS. 150 CRORE AND ABOVE,"KALINARAYANPUR- KRISHNANAGAR DOUBLING ALONGWITH KRISHNANAGAR - CHAPRA NEW LINE AND NAIHATI-RANAGHAT 3 - [N22000224]ER,MULTI STATE FLA",Apr-01,,,995.1,995.1,630.28
PRJ_07228,WISE ANALYSIS OF PROJECTS RS. 150 CRORE AND ABOVE,"FIRRIGATLION WORK OAF BAGMATI - [N12000108]HSCL,BIHAR",Oct-05,,,721.35,721.35,710.54
PRJ_02625,WISE ANALYSIS OF PROJECTS RS. 150 CRORE AND ABOVE,"CONSTRUCTION OF 3RD LINE BETWEEN PENDRA ROAD AND ANUPPUR (50.1 KM) IN BILASPUR DIVISION OF SEC RAILW - [N22000498]RITES,CHHATISGARH",Feb-16,,,,,
PRJ_01843,WISE ANALYSIS OF PROJECTS RS. 150 CRORE AND ABOVE,"4-LANING FROM KARODI TO TELWADI (KM 320.104 TO 375.000) - [N24000730]NHAI,MAHARASHTRA",Jan-18,,,621,621,514.26
PRJ_00759,WISE ANALYSIS OF PROJECTS RS. 150 CRORE AND ABOVE,"ALL INDIA INSTITUTE OF MEDICAL SCIENCE AT GORAKHPUR (U.P.) - [N21000025]HITES,UTTAR PRADESH",Jul-16,,,,,
PRJ_00428,WISE ANALYSIS OF PROJECTS RS. 150 CRORE AND ABOVE,INFRASTRUCTURE DEVLOPMENT TO FACILITATE GRID POWER IMPORT AT 220KV AT GUJARAT REFINERY - [N16000284,Sep-16,,,208.35,208.35,158.76
PRJ_00161,WISE ANALYSIS OF PROJECTS RS. 150 CRORE AND ABOVE,TOLLYGANJ-GARIA WITH EXTENSION TO DUM DUM- NOAPARA AND NOAPARA-NSCB AIRPORT(MTP) - [220100268,Mar-00,,,3404.92,3404.92,224.37
PRJ_01072,WISE ANALYSIS OF PROJECTS RS. 150 CRORE AND ABOVE,"4-LANING OF BRAHAMPORE-FARAKA - [N24000203]NHAI,WEST BENGAL",Feb-11,,,998.79,998.79,1845.19
PRJ_02174,WISE ANALYSIS OF PROJECTS RS. 150 CRORE AND ABOVE,4-LANING OF BRAHAMPORE-FARAKA,,Feb-11,Feb-11,,,998.79
PRJ_04784,WISE ANALYSIS OF PROJECTS RS. 150 CRORE AND ABOVE,MIYAGAM-KARJAN-DABHOI-SAMLAYA (GC),,Apr-11,Apr-11,,,844.1
PRJ_00172,WISE ANALYSIS OF PROJECTS RS. 150 CRORE AND ABOVE,"JAYANAGAR-DARBHANGA-NARKATIA GANJ(GC),ECR",,Apr-97,Apr-97,,,324.73
PRJ_00293,WISE ANALYSIS OF PROJECTS RS. 150 CRORE AND ABOVE,4-LANING OF BRAHAMPORE-FARAKA - PPP (BOT) - [N24000203 ],Feb-11,,,998.79,998.79,
PRJ_07373,Not Specified,SURAT- DAHISAR(SIX LANE) KM 263 TO KM 502 PPP (BOT)(NATIONAL HIGHWAYS AUTHORITY OF INDIA) - [N24000131],,Aug-11,Aug-11,2848.49,2848.49,
PRJ_07590,"CUSTOMS AT -9, DWARKA",SIX / FOUR LANING OF NH 5 (NEW NH 16) FROM PUINTOLA TO TANGI (KM. 284.000 TO KM. 355.000) EPC(NATIONAL HIGHWAYS AUTHORITY OF INDIA) - [N24000845],,Dec-20,Dec-20,415.11,415.11,
PRJ_08274,Not Specified,AGRA-ETAWAH VIA FATEHABAD AND BAH (NL) NCR (NORTH CENTRAL RAILWAY) - [220100243],,Dec-09,Dec-09,455.39,455.39,
PRJ_00726,WISE ANALYSIS OF PROJECTS RS.150 CRORE AND ABOVE,"SHANTIKHANI LONGWALL PROJ-SCCL - [N06000017]SCCL,TELANGANA ,",Oct-06,,,448.86,448.86,286.19
PRJ_01004,WISE ANALYSIS OF PROJECTS RS.150 CRORE AND ABOVE,"DABHOI-CHANDOD (17.07KM) -GC WITH EXTENSION UPTO KEVADIYA(32.68KM) =49.75KM - [N22000494]WR,GUJARAT ,",Apr-17,,,663.29,663.29,163.85
PRJ_00961,WISE ANALYSIS OF PROJECTS RS.150 CRORE AND ABOVE,"ROHTAK-MEHAM HANSI - [N22000272]NR,HARYANA ,",Apr-12,,,694,694,220.42
PRJ_00986,WISE ANALYSIS OF PROJECTS RS.150 CRORE AND ABOVE,"MULTI MODAL LOGISTICS PARK AT BARHI - [N22000426]CCOI,HARYANA ,",Dec-15,,,346.32,346.32,286.78
PRJ_04464,WISE ANALYSIS OF PROJECTS RS.150 CRORE AND ABOVE,"BHANUPALI-BILASPUR BERI NL - [N22000273]RVNL,HIMACHAL PRADESH ,",Apr-08,,,7000,7000,370.26
PRJ_00899,WISE ANALYSIS OF PROJECTS RS.150 CRORE AND ABOVE,"UDHAMPUR-SRINAGAR-BARAMULLA (NL) NR - [220100133]NR,JAMMU AND KASHMIR ,",Mar-95,,,27949,27949,19223.83
PRJ_01729,WISE ANALYSIS OF PROJECTS RS.150 CRORE AND ABOVE,"KODERMA-RANCHI VIA BARKAKANA (NL) ECR - [220100222]ECR,JHARKHAND ,",Mar-99,,,3376,3376,3290.02
PRJ_01732,WISE ANALYSIS OF PROJECTS RS.150 CRORE AND ABOVE,"KODERMA-TILAIYA (NL) ECR - [220100305]ECR,JHARKHAND ,",Apr-02,,,1625.87,1625.87,498.9
PRJ_01715,WISE ANALYSIS OF PROJECTS RS.150 CRORE AND ABOVE,"MANOHARPUR-BONDAMUNDA 3RD LINE DOUBLING - [N22000165]SER,JHARKHAND ,",Apr-12,,,358.68,358.68,258.09
PRJ_00216,WISE ANALYSIS OF PROJECTS RS.150 CRORE AND ABOVE,"RAJKHARSWAN- CHAKRADHARPUR 3RD LINE (20 KM) JHARKHAND - [N22000323]SER,JHARKHAND ,",Apr-12,,,377,377,180.95
PRJ_00994,WISE ANALYSIS OF PROJECTS RS.150 CRORE AND ABOVE,"BONDAMUNDA RANCHI DOUBLING - [N22000396]SER,JHARKHAND ,",Mar-16,,,1993.24,1993.24,384.82
PRJ_05633,WISE ANALYSIS OF PROJECTS RS.150 CRORE AND ABOVE,"GARHWA ROAD-RAMNA - [N22000465]ECR,JHARKHAND ,",Mar-15,,,348.23,348.23,164.09
PRJ_01763,WISE ANALYSIS OF PROJECTS RS.150 CRORE AND ABOVE,"HUBLI-ANKOLA(NL) SWR - [220100193]SWR,KARNATAKA ,",Apr-97,,,2135,2135,144.76
PRJ_00931,WISE ANALYSIS OF PROJECTS RS.150 CRORE AND ABOVE,"BAGALKOT-KUDACHI NL - [N22000258]SWR,KARNATAKA ,",Apr-10,,,986.3,986.3,297.7
PRJ_01758,WISE ANALYSIS OF PROJECTS RS.150 CRORE AND ABOVE,"CHIKBALLA-PUR-PUTTTAPARTHY-SRI SATYA SAI NILAYAM NL - [N22000276]SWR,KARNATAKA ,",Apr-13,,,692.43,692.43,
PRJ_00975,WISE ANALYSIS OF PROJECTS RS.150 CRORE AND ABOVE,"SHIMOGA-HARIHAR NL - [N22000278]SWR,KARNATAKA ,",Apr-11,,,832.47,832.47,
PRJ_01760,WISE ANALYSIS OF PROJECTS RS.150 CRORE AND ABOVE,"WHITE FIELD-KOLAR NL - [N22000280]SWR,KARNATAKA ,",Apr-11,,,348.85,348.85,
PRJ_02574,WISE ANALYSIS OF PROJECTS RS.150 CRORE AND ABOVE,"HOSPET-HUBLI-LONDA-VASCODAGAMA DL - [N22000297]RVNL,KARNATAKA ,",Apr-10,,,2900,2900,1630.89
PRJ_01761,WISE ANALYSIS OF PROJECTS RS.150 CRORE AND ABOVE,"TORANAGALLU-RANJITPURA DL - [N22000298]SWR,KARNATAKA ,",Apr-11,,,167.5,167.5,
PRJ_00890,WISE ANALYSIS OF PROJECTS RS.150 CRORE AND ABOVE,"GADAG-WADI NL - [N22000299]SWR,KARNATAKA ,",Apr-13,,,2841.84,2841.84,113.63
PRJ_01762,WISE ANALYSIS OF PROJECTS RS.150 CRORE AND ABOVE,"CHIKBALLA-PUR-GOWRIBIDANUR NL - [N22000300]SWR,KARNATAKA ,",Apr-13,,,367.77,367.77,
PRJ_00985,WISE ANALYSIS OF PROJECTS RS.150 CRORE AND ABOVE,"HUBLI- CHIKJAJUR - [N22000325]SWR,KARNATAKA ,",Mar-15,,,1140.93,1140.93,786.13
PRJ_02578,WISE ANALYSIS OF PROJECTS RS.150 CRORE AND ABOVE,"ARSIKERE-TUMKUR - [N22000332]SWR,KARNATAKA ,",Mar-15,,,578,578,509.07
PRJ_00287,WISE ANALYSIS OF PROJECTS RS.150 CRORE AND ABOVE,2-LANING WITH PS RAIBAREILI TO ALLAHABAD - [N24000208,Jul-12,,,291.36,291.36,459.07
PRJ_00200,WISE ANALYSIS OF PROJECTS RS.150 CRORE AND ABOVE,SAKRI-HASANPUR ROAD (NL) - [N22000171,Apr-99,,,735.2,735.2,126.22
PRJ_00894,WISE ANALYSIS OF PROJECTS RS.150 CRORE AND ABOVE,"KALINARAYANPUR- KRISHNANAGAR DOUBLING ALONGWITH KRISHNANAGAR - CHAPRA NEW LINE AND NAIHATI-RANAGHAT 3 - [N22000224]ER,MULTI STATE",Apr-01,,,995.1,995.1,434.06
PRJ_01154,WISE ANALYSIS OF PROJECTS RS.150 CRORE AND ABOVE,"PANIPAT-JALANDHAR 6 LANE(KM 96 TO 387.1 KM) - [N24000133]NHAI,HARYANA",May-09,,,2967.5,2967.5,3982.72
PRJ_00032,WISE ANALYSIS OF PROJECTS RS.150 CRORE AND ABOVE,PANIPAT-JALANDHAR 6 LANE(KM 96 TO 387.1 KM) - [N24000133,May-09,,,2967.5,2967.5,167.82
PRJ_01397,WISE ANALYSIS OF PROJECTS RS.150 CRORE AND ABOVE,"PALANPUR KHODIYAR ROAD OVER BRIDGE IN LIEU OF LEVEL CROSSING NOS 208 211C 214 AND 220 - [N22000437]WR,GUJARAT",Mar-12,,,,,
PRJ_00841,WISE ANALYSIS OF PROJECTS RS.150 CRORE AND ABOVE,"NORTH EASTERN REGION POWER SYSTEM IMPROVEMENT PROJECT (NERPSIP) FOR SIX (6) STATES - [N18000250]PGCIL,MULTI STATE",Dec-14,,,,,
PRJ_05705,WISE ANALYSIS OF PROJECTS RS.150 CRORE AND ABOVE,GEVRA ROAD PENDRA ROAD - [N22000488,Feb-14,,,4970.11,4970.11,117.23
PRJ_01154,WISE ANALYSIS OF PROJECTS RS.150 CRORE AND ABOVE,"PANIPAT-JALANDHAR 6 LANE(KM 96 TO 387.1 KM) - [N24000133]NHAI,HARYANA",May-09,,,2967.5,2967.5,3982.72
PRJ_00032,WISE ANALYSIS OF PROJECTS RS.150 CRORE AND ABOVE,PANIPAT-JALANDHAR 6 LANE(KM 96 TO 387.1 KM),,May-09,May-09,,,
PRJ_02322,WISE ANALYSIS OF PROJECTS RS.150 CRORE AND ABOVE,WESTERN DEDICATED FREIGHT CORRIDOR,,Nov-07,Nov-07,,,
PRJ_00032,WISE ANALYSIS OF PROJECTS RS.150 CRORE AND ABOVE,PANIPAT-JALANDHAR 6 LANE(KM 96 TO 387.1 KM),,May-09,May-09,,,1108
PRJ_05775,WISE ANALYSIS OF PROJECTS RS.150 CRORE AND ABOVE,PANIPAT-JALANDHAR 6 LANE(KM 96 TO 387.1 KM) - PPP (BOT) - [N24000133 ],May-09,,,2967.5,2967.5,167.82
PRJ_08584,Not Specified,TRANSMISSION SYSTEM STRENGTHENING IN WR-NR TRANSMISSION CORRIDOR FOR IPPS IN CHHATTISGARH (POWER GRID CORPORATION OF INDIA LIMITED) - [N18000168],,Mar-18,Mar-18,3269.93,3269.93,
PRJ_07373,#NAME?,SURAT- DAHISAR(SIX LANE) KM 263 TO KM 502 PPP (BOT)(NATIONAL HIGHWAYS AUTHORITY OF INDIA) - [N24000131],,Aug-11,Aug-11,2848.49,2848.49,
PRJ_08274,Not Specified,AGRA-ETAWAH VIA FATEHABAD AND BAH (NL) NCR (NORTH CENTRAL RAILWAY) - [220100243],,Dec-09,Dec-09,455.39,455.39,
PRJ_01316,WISE ANALYSIS OF PROJECTS RS.150 CRORE AND ABOVE,"KAKATIYA LONGWALL - [N06000048]SCCL,TELANGANA ,",Dec-08,,,453.63,453.63,121.91
PRJ_00830,WISE ANALYSIS OF PROJECTS RS.150 CRORE AND ABOVE,"TRANSMISSION SYSTEM FOR EVACUTION OF POWER FROM NEYVELI LIGNITE CORP LTD TS - I (REPLACEMENT) IN NEY - [N18000262]PGCIL,TAMIL NADU , CENTRAL SECTOR PROJECTS",May-17,,,186.17,186.17,111.21
PRJ_00829,WISE ANALYSIS OF PROJECTS RS.150 CRORE AND ABOVE,"TELANGANA SUPER THERMAL POWER PROJECT PHASE I - [N18000212]NTPC,TELANGANA ,",Jan-16,,,10598.98,10598.98,6074.37
PRJ_00834,WISE ANALYSIS OF PROJECTS RS.150 CRORE AND ABOVE,"TANDA TPP STAGE-II (2X660 MW) - [N18000175]NTPC,UTTAR PRADESH ,",Sep-14,,,10016.1,10016.1,6782.2
PRJ_00860,WISE ANALYSIS OF PROJECTS RS.150 CRORE AND ABOVE,"DHUKWAN SMALL HYDRO PROJECT - [N18000189]THDCIL,UTTAR PRADESH ,",May-11,,,294.6,294.6,322.23
PRJ_00847,WISE ANALYSIS OF PROJECTS RS.150 CRORE AND ABOVE,"MUNPL-MEJA TPP - JV (2X660 MW) - [N18000193]NTPC,UTTAR PRADESH , JOINT VENTURE",Apr-12,,,12176.28,12176.28,10053
PRJ_02566,WISE ANALYSIS OF PROJECTS RS.150 CRORE AND ABOVE,"KHURJA SUPER THERMAL POWER PROJECT - [N18000272]THDCIL,UTTAR PRADESH ,",Mar-19,,,11089.42,11089.42,836.39
PRJ_05619,WISE ANALYSIS OF PROJECTS RS.150 CRORE AND ABOVE,"140 MW BILHAUR SOLAR PV PROJECT BILHAUR UP - [N18000273]NTPC,UTTAR PRADESH ,",Dec-18,,,587.44,587.44,250
PRJ_05619,WISE ANALYSIS OF PROJECTS RS.150 CRORE AND ABOVE,"85 MW BILHAUR SOLAR PV PROJECT BILHAUR UP - [N18000274]NTPC,UTTAR PRADESH ,",Mar-19,,,349,349,125
PRJ_00857,WISE ANALYSIS OF PROJECTS RS.150 CRORE AND ABOVE,"TEHRI PUMPED STORAGE PLANT(1000MW) - [N18000010]THDCIL,UTTARAKHAND ,",Jul-06,,,5024.35,5024.35,3205.49
PRJ_00849,WISE ANALYSIS OF PROJECTS RS.150 CRORE AND ABOVE,"TAPOVAN-VISHNUGAD HEP (4X130MW) - [N18000014]NTPC,UTTARAKHAND ,",Nov-06,,,5867.38,5867.38,4299.62
PRJ_00845,WISE ANALYSIS OF PROJECTS RS.150 CRORE AND ABOVE,"VISHNUGAD PIPALKOTI HYDRO ELECTRIC PROJECT - [N18000042]THDCIL,UTTARAKHAND ,",Aug-08,,,4397.8,4397.8,1826.26
PRJ_01347,WISE ANALYSIS OF PROJECTS RS.150 CRORE AND ABOVE,"LATA-TAPOVAN HYDRO ELECTRIC POWER PROJECT 3X57 MW - [N18000142]NTPC,UTTARAKHAND ,",Jul-12,,,1801.07,1801.07,148.93
PRJ_05620,WISE ANALYSIS OF PROJECTS RS.150 CRORE AND ABOVE,"NAITWAR MORI HEP - [N18000265]SJVN,UTTARAKHAND ,",Oct-17,,,648.33,648.33,296.71
PRJ_00858,WISE ANALYSIS OF PROJECTS RS.150 CRORE AND ABOVE,"RAMMAM-III HEPP (3X40 MW) - [N18000178]NTPC,WEST BENGAL ,",Sep-14,,,1592.34,1592.34,507.84
PRJ_00827,WISE ANALYSIS OF PROJECTS RS.150 CRORE AND ABOVE,"EASTERN REGION STRENGTHENNING SCHEME-XV - [N18000214]PGCIL,WEST BENGAL ,",Apr-16,,,454.11,454.11,297.26
PRJ_02567,WISE ANALYSIS OF PROJECTS RS.150 CRORE AND ABOVE,"DURGAPUR PP-III (2X20 MW) - NSPCL - [N18000277]NTPC,WEST BENGAL ,",Dec-16,,,529.68,529.68,294.18
PRJ_05621,WISE ANALYSIS OF PROJECTS RS.150 CRORE AND ABOVE,"LOPMENT OF ADVANCED ULTRA SUPER CRITICAL TECHNOLOGIES IN THERMAL POWER PLANTS IN INDIA - [N20000002]BHEL,DELHI , CENTRAL SECTOR PROJECTS",Aug-16,,,1554,1554,716.25
PRJ_00768,WISE ANALYSIS OF PROJECTS RS.150 CRORE AND ABOVE,"RESIDENTIAL COMPLEX AND OPD BLOCK AIIMS- MNAGLAGIRI GUNTUR ANDHRA PRADESH - [N21000017]HSCC,ANDHRA PRADESH , CENTRAL SECTOR PROJECTS",Aug-17,,,272.54,272.54,197.58
PRJ_01499,WISE ANALYSIS OF PROJECTS RS.150 CRORE AND ABOVE,TWO LANING WITH PS OF UNCHA NAGLA - KHANUWARA - ROPPAS -DHOLPUR - [N24000520,Aug-15,,,275.9,275.9,289.13
PRJ_00466,WISE ANALYSIS OF PROJECTS RS.150 CRORE AND ABOVE,MUMBAI REFINERY EXPANSION PROJECT - [N16000281,Sep-15,,,5060,5060,3273.2
PRJ_00172,WISE ANALYSIS OF PROJECTS RS.150 CRORE AND ABOVE,"JAYANAGAR-DARBHANGA-NARKATIA GANJ(GC),ECR - [220100240",Apr-97,,,1050,1050,1043.38
PRJ_00894,WISE ANALYSIS OF PROJECTS RS.150 CRORE AND ABOVE,"KALINARAYANPUR- KRISHNANAGAR DOUBLING ALONGWITH KRISHNANAGAR - CHAPRA NEW LINE AND NAIHATI-RANAGHAT 3 - [N22000224]ER,MULTI STATE",Apr-01,,,995.1,995.1,501.01
PRJ_01154,WISE ANALYSIS OF PROJECTS RS.150 CRORE AND ABOVE,"PANIPAT-JALANDHAR 6 LANE(KM 96 TO 387.1 KM) - [N24000133]NHAI,HARYANA",May-09,,,2967.5,2967.5,3990.72
PRJ_00220,WISE ANALYSIS OF PROJECTS RS.150 CRORE AND ABOVE,JIRIBAM TO IMPHAL (TUPUI)(NL)(NEFR) - [220100288,Apr-03,,,12524,12524,9599.02
PRJ_00032,WISE ANALYSIS OF PROJECTS RS.150 CRORE AND ABOVE,PANIPAT-JALANDHAR 6 LANE(KM 96 TO 387.1 KM) - [N24000133,May-09,,,2967.5,2967.5,3990.72
PRJ_01369,WISE ANALYSIS OF PROJECTS RS.150 CRORE AND ABOVE,"ERNAKULAM-KUMBALAM - [N22000204]SR,KERALA",Apr-10,,,,,
PRJ_01824,WISE ANALYSIS OF PROJECTS RS.150 CRORE AND ABOVE,"SIX LANNING OF CHITTORGARH-UDAIPUR SECTION OF NH-76 FROM DESIGN CHAINAGE KM. 214.870 TO KM 308.370 I - [N24000623]NHAI,RAJASTHAN",Sep-16,,,1145.31,1145.31,1025
PRJ_00767,WISE ANALYSIS OF PROJECTS RS.150 CRORE AND ABOVE,"RESIDENTIAL COMPLEX AND OPD BLOCK, AIIMS, NAGPUR MAHARASTRA - [N21000016]HSCC,MAHARASHTRA",Aug-17,,,,,
PRJ_02022,WISE ANALYSIS OF PROJECTS RS.150 CRORE AND ABOVE,BELAPUR-SEAWOOD-URAN ELECTRIFIED DOUBLE LINE(MTP) - [220100164,Mar-96,,,2980.41,2980.41,501.57
PRJ_01154,WISE ANALYSIS OF PROJECTS RS.150 CRORE AND ABOVE,"PANIPAT-JALANDHAR 6 LANE(KM 96 TO 387.1 KM) - [N24000133]NHAI,HARYANA",May-09,,,2967.5,2967.5,3990.72
PRJ_00032,WISE ANALYSIS OF PROJECTS RS.150 CRORE AND ABOVE,PANIPAT-JALANDHAR 6 LANE(KM 96 TO 387.1 KM),,May-09,May-09,,,
PRJ_01979,WISE ANALYSIS OF PROJECTS RS.150 CRORE AND ABOVE,MADURAI - MANIYACHI - TUTICORIN (160 KM) DOUBLING,,Feb-15,Feb-15,,,1182.31
PRJ_02078,WISE ANALYSIS OF PROJECTS RS.150 CRORE AND ABOVE,DIGHA-JALESWAR INCLUDING MM FOR DIGHA-EGRA,,Apr-10,Apr-10,,,651
PRJ_00032,WISE ANALYSIS OF PROJECTS RS.150 CRORE AND ABOVE,PANIPAT-JALANDHAR 6 LANE(KM 96 TO 387.1 KM),,May-09,May-09,,,1108
PRJ_05775,WISE ANALYSIS OF PROJECTS RS.150 CRORE AND ABOVE,PANIPAT-JALANDHAR 6 LANE(KM 96 TO 387.1 KM) - PPP (BOT) - [N24000133 ],May-09,,,2967.5,2967.5,167.82
PRJ_08274,Not Specified,AGRA-ETAWAH VIA FATEHABAD AND BAH (NL) NCR (NORTH CENTRAL RAILWAY) - [220100243],,Dec-09,Dec-09,455.39,455.39,
PRJ_01316,WISE ANALYSIS OF PROJECTS RS. 150 CRORE AND ABOVE,"KAKATIYA LONGWALL - [N06000048]SCCL,TELANGANA ,",Dec-08,,,453.63,453.63,121.91
PRJ_00900,WISE ANALYSIS OF PROJECTS RS. 150 CRORE AND ABOVE,"MULTI MODAL LOGISTICS TRANSPORT AT MIHAN - [N22000422]CCOI,MAHARASHTRA ,",Oct-13,,,305,305,262.78
PRJ_01395,WISE ANALYSIS OF PROJECTS RS. 150 CRORE AND ABOVE,"MUMBAI CENTRAL VIRAR VADODARA AHMEDABAAD TRAIN PROTECTION SYSTEM 500 RKM - [N22000434]WR,MAHARASHTRA ,",Mar-10,,,265.88,265.88,
PRJ_01363,WISE ANALYSIS OF PROJECTS RS. 150 CRORE AND ABOVE,"VIRAR SURAT ROAD OVER BRIDGE IN LIEU OF LEVEL CROSSING NOS 42 46A 48 52 55 102 106 108 130 AND 137 A - [N22000435]WR,MAHARASHTRA ,",Mar-12,,,217.38,217.38,
PRJ_00893,WISE ANALYSIS OF PROJECTS RS. 150 CRORE AND ABOVE,"JIRIBAM TO IMPHAL (TUPUI)(NL)(NEFR) - [220100288]NFR,MANIPUR ,",Apr-03,,,12524,12524,9599.02
PRJ_04314,WISE ANALYSIS OF PROJECTS RS. 150 CRORE AND ABOVE,"NEW BG LINE FROM BYRNIHAT TO SHILLONG - [N22000205]NFR,MEGHALAYA ,",Apr-10,,,6000.6,6000.6,263.12
PRJ_01011,WISE ANALYSIS OF PROJECTS RS. 150 CRORE AND ABOVE,"BHAIRABI SAIRONG NL NEFR - [N22000100]NFR,MIZORAM ,",Apr-08,,,5021.45,5021.45,3183.01
PRJ_00872,WISE ANALYSIS OF PROJECTS RS. 150 CRORE AND ABOVE,"GONDIA-JABALPUR(GC) (SECR) - [220100186]SECR,MULTI STATE ,",Feb-97,,,1756,1756,1679.29
PRJ_00874,WISE ANALYSIS OF PROJECTS RS. 150 CRORE AND ABOVE,"NANGALDAM-TALWARA(NL) NR - [220100188]NR,MULTI STATE ,",Mar-81,,,2200,2200,670.52
PRJ_01012,WISE ANALYSIS OF PROJECTS RS. 150 CRORE AND ABOVE,"MUNEERABAD-MAHABOOBNAGAR(NL) SCR - [220100205]SCR,MULTI STATE ,",Apr-97,,,3472.59,3472.59,970.69
PRJ_01008,WISE ANALYSIS OF PROJECTS RS. 150 CRORE AND ABOVE,"LALITPUR-SATNA-REWA-SINGRULI NL (NCR) - [220100232]WCR,MULTI STATE ,",Sep-98,,,8248.5,8248.5,1986.78
PRJ_00182,WISE ANALYSIS OF PROJECTS RS. 150 CRORE AND ABOVE,"NEW MAYNAGURI TO JOGIGHOPA VIA CHANGRABANDHA (NL) NEFR - [220100266]NFR,MULTI STATE ,",Apr-00,,,4541,4541,3346.08
PRJ_01010,WISE ANALYSIS OF PROJECTS RS. 150 CRORE AND ABOVE,"DEOGHAR - SULTANGANJ (INL) ER - [220100273]ER,MULTI STATE ,",Apr-00,,,1425.44,1425.44,637.56
PRJ_05637,WISE ANALYSIS OF PROJECTS RS. 150 CRORE AND ABOVE,"HATHUA-BHATNI (N L) (NER) - [220100319]NER,MULTI STATE ,",Apr-05,,,230.03,230.03,277.14
PRJ_05638,WISE ANALYSIS OF PROJECTS RS. 150 CRORE AND ABOVE,"CHHITAUNI TAMKUHI ROAD KUSHINAGAR GOPALGANJ UP - [N22000131]NER,MULTI STATE ,",Mar-07,,,895,895,106.55
PRJ_00910,WISE ANALYSIS OF PROJECTS RS. 150 CRORE AND ABOVE,"CHHAPRA-BALLIA UP - [N22000134]NER,MULTI STATE ,",Mar-13,,,477.31,477.31,370.93
PRJ_04099,WISE ANALYSIS OF PROJECTS RS. 150 CRORE AND ABOVE,"CHOTTAUDEPUR-DHAR(NL) - [N22000138]WR,MULTI STATE ,",Apr-07,,,1347.26,1347.26,757.99
PRJ_00946,WISE ANALYSIS OF PROJECTS RS. 150 CRORE AND ABOVE,"DAHOD-INDORE VIA SARDARPUR JHABUA AND DHAR (NL) - [N22000139]WR,MULTI STATE ,",Apr-07,,,1640.04,1640.04,768.28
PRJ_01383,WISE ANALYSIS OF PROJECTS RS. 150 CRORE AND ABOVE,"RATLAM-DUNGARPUR VIA BANSWARA (NL) - [N22000147]NWR,MULTI STATE ,",Apr-11,,,4262.36,4262.36,185.9
PRJ_00909,WISE ANALYSIS OF PROJECTS RS. 150 CRORE AND ABOVE,"GWALIOR-SEOPURKALA WITH EXTENSION TO KOTA (GC) - [N22000148]NCR,MULTI STATE ,",Apr-11,,,3845.6,3845.6,148.26
PRJ_00618,WISE ANALYSIS OF PROJECTS RS. 150 CRORE AND ABOVE,ALIGARH MORADABAD SECTION OF NH-93 FROM KM 85.650 TO KM 232.020 - [N24000544,Mar-16,,,676.73,676.73,945.17
PRJ_00440,WISE ANALYSIS OF PROJECTS RS. 150 CRORE AND ABOVE,ETHYLENE GLYCOL PROJECT AT PARADIP - [N16000338,Apr-18,,,5654,5654,859.95
PRJ_03848,WISE ANALYSIS OF PROJECTS RS. 150 CRORE AND ABOVE,"KODERMA-TILAIYA (NL), ECR - [220100305",Apr-02,,,1625.87,1625.87,544.56
PRJ_00894,WISE ANALYSIS OF PROJECTS RS. 150 CRORE AND ABOVE,"KALINARAYANPUR- KRISHNANAGAR DOUBLING ALONGWITH KRISHNANAGAR - CHAPRA NEW LINE AND NAIHATI-RANAGHAT 3 - [N22000224]ER,MULTI STATE",Apr-01,,,995.1,995.1,511.85
PRJ_01154,WISE ANALYSIS OF PROJECTS RS. 150 CRORE AND ABOVE,"PANIPAT-JALANDHAR 6 LANE(KM 96 TO 387.1 KM) - [N24000133]NHAI,HARYANA",May-09,,,2967.5,2967.5,3990.72
PRJ_00032,WISE ANALYSIS OF PROJECTS RS. 150 CRORE AND ABOVE,PANIPAT-JALANDHAR 6 LANE(KM 96 TO 387.1 KM) - [N24000133,May-09,,,2967.5,2967.5,3990.72
PRJ_01380,WISE ANALYSIS OF PROJECTS RS. 150 CRORE AND ABOVE,"CHENNAI-CUDDALORE VIA MAMALLAPURAM - [N22000185]SR,MULTI STATE",Apr-08,,,,,
PRJ_00270,WISE ANALYSIS OF PROJECTS RS. 150 CRORE AND ABOVE,"SIX LANNING FROM KM 287.400 TO KM 401.200 SECTION OF NH- 8 IN THE STATE OF RAJASTHAN AND GUJARAT(APP - [N24000624]NHAI,MULTI STATE",Sep-16,,,1244.1,1244.1,1479
PRJ_01693,WISE ANALYSIS OF PROJECTS RS. 150 CRORE AND ABOVE,"SUPER SPECIALITY BLOCK PMSSY GOA - [N21000022]HSCC,GOA",Jan-18,,,,,
PRJ_00474,WISE ANALYSIS OF PROJECTS RS. 150 CRORE AND ABOVE,CONSTRUCTION OF A NEW POL DEPOT AT VILLAGE DATA IN HISAR DISTRICT IN HARYANA - [N16000312,Nov-17,,,255,255,128.36
PRJ_01154,WISE ANALYSIS OF PROJECTS RS. 150 CRORE AND ABOVE,"PANIPAT-JALANDHAR 6 LANE(KM 96 TO 387.1 KM) - [N24000133]NHAI,HARYANA",May-09,,,2967.5,2967.5,3990.72
PRJ_00032,WISE ANALYSIS OF PROJECTS RS. 150 CRORE AND ABOVE,PANIPAT-JALANDHAR 6 LANE(KM 96 TO 387.1 KM),,May-09,May-09,,,
PRJ_01997,WISE ANALYSIS OF PROJECTS RS. 150 CRORE AND ABOVE,BANASPANI- JAKHPURA - DOUBLING,,Mar-09,Mar-09,,,942.95
PRJ_02078,WISE ANALYSIS OF PROJECTS RS. 150 CRORE AND ABOVE,DIGHA-JALESWAR INCLUDING MM FOR DIGHA-EGRA,,Apr-10,Apr-10,,,651
PRJ_00032,WISE ANALYSIS OF PROJECTS RS. 150 CRORE AND ABOVE,PANIPAT-JALANDHAR 6 LANE(KM 96 TO 387.1 KM),,May-09,May-09,,,1108
PRJ_05775,WISE ANALYSIS OF PROJECTS RS. 150 CRORE AND ABOVE,PANIPAT-JALANDHAR 6 LANE(KM 96 TO 387.1 KM) - PPP (BOT) - [N24000133 ],May-09,,,2967.5,2967.5,167.82
PRJ_08584,Not Specified,TRANSMISSION SYSTEM STRENGTHENING IN WR-NR TRANSMISSION CORRIDOR FOR IPPS IN CHHATTISGARH (POWER GRID CORPORATION OF INDIA LIMITED) - [N18000168],,Mar-18,Mar-18,3269.93,3269.93,
PRJ_07373,"ART, DG, GSI AT -V, SA",SURAT- DAHISAR(SIX LANE) KM 263 TO KM 502 PPP (BOT)(NATIONAL HIGHWAYS AUTHORITY OF INDIA) - [N24000131],,Aug-11,Aug-11,2848.49,2848.49,
PRJ_07590,CENTRAL  FOR SOUTHERN REGION,SIX / FOUR LANING OF NH 5 (NEW NH 16) FROM PUINTOLA TO TANGI (KM. 284.000 TO KM. 355.000) EPC(NATIONAL HIGHWAYS AUTHORITY OF INDIA) - [N24000845],,Dec-20,Dec-20,415.11,415.11,
PRJ_08584,Not Specified,TRANSMISSION SYSTEM STRENGTHENING IN WR-NR TRANSMISSION CORRIDOR FOR IPPS IN CHHATTISGARH (POWER GRID CORPORATION OF INDIA LIMITED) - [N18000168],,Mar-18,Mar-18,3269.93,3269.93,
PRJ_07373,"ART, DG, GSI AT -V, SA",SURAT- DAHISAR(SIX LANE) KM 263 TO KM 502 PPP (BOT)(NATIONAL HIGHWAYS AUTHORITY OF INDIA) - [N24000131],,Aug-11,Aug-11,2848.49,2848.49,
PRJ_08274,Not Specified,AGRA-ETAWAH VIA FATEHABAD AND BAH (NL) NCR (NORTH CENTRAL RAILWAY) - [220100243],,Dec-09,Dec-09,455.39,455.39,
PRJ_01316,WISE ANALYSIS OF PROJECTS RS. 150 CRORE AND ABOVE,"KAKATIYA LONGWALL - [N06000048]SCCL,TELANGANA ,",Dec-08,,,453.63,453.63,121.91
PRJ_02603,WISE ANALYSIS OF PROJECTS RS. 150 CRORE AND ABOVE,"CONSTRUCTION OF HOSPITAL BLOCK IIT KHARAGPUR - [N21000010]HSCC,WEST BENGAL ,",Dec-14,,,191.2,191.2,169.51
PRJ_00766,WISE ANALYSIS OF PROJECTS RS. 150 CRORE AND ABOVE,"CNCI KOLKATA WEST BENGAL - [N21000015]HSCC,WEST BENGAL ,",Aug-16,,,248,248,224.92
PRJ_05551,WISE ANALYSIS OF PROJECTS RS. 150 CRORE AND ABOVE,"RESIDENTIALCOMPLEX AND OPD BLOCK AIIMS KALYANI WEST BENGAL - [N21000018]HSCC,WEST BENGAL , CENTRAL SECTOR PROJECTS",Aug-17,,,355.15,355.15,233.51
PRJ_01696,WISE ANALYSIS OF PROJECTS RS. 150 CRORE AND ABOVE,"HOSPITAL AND TEACHING- AIIMS KALYANI - [N21000024]HSCC,WEST BENGAL ,",Apr-18,,,651.99,651.99,285.33
PRJ_01352,WISE ANALYSIS OF PROJECTS RS. 150 CRORE AND ABOVE,"NANDYAL-YERRAGUNTLA(NL) SCR - [220100192]SCR,ANDHRA PRADESH ,",Mar-96,,,1050,1050,999.64
PRJ_00913,WISE ANALYSIS OF PROJECTS RS. 150 CRORE AND ABOVE,"KOTLPALLI-NARASAPUR (NL) (SCR) - [220100265]SCR,ANDHRA PRADESH ,",Dec-01,,,2120.16,2120.16,561.18
PRJ_01398,WISE ANALYSIS OF PROJECTS RS. 150 CRORE AND ABOVE,"GUDUR-DURGARAJAPATNAM - [N22000265]SCR,ANDHRA PRADESH ,",Apr-11,,,761.37,761.37,
PRJ_01388,WISE ANALYSIS OF PROJECTS RS. 150 CRORE AND ABOVE,"CUMBUM-PRODDATUR - [N22000282]SCR,ANDHRA PRADESH ,",Apr-13,,,829,829,
PRJ_00912,WISE ANALYSIS OF PROJECTS RS. 150 CRORE AND ABOVE,"NADIKUDE-SRI KALAHASTI - [N22000286]SCR,ANDHRA PRADESH ,",Apr-11,,,2643.25,2643.25,860.07
PRJ_00950,WISE ANALYSIS OF PROJECTS RS. 150 CRORE AND ABOVE,"VIJAYWADA-GUDUGOLANU-BHIMAVARAM- NARSAPUR DL (221 KM) - [N22000313]RVNL,ANDHRA PRADESH ,",Mar-12,,,2200,2200,1966.03
PRJ_01399,WISE ANALYSIS OF PROJECTS RS. 150 CRORE AND ABOVE,"DUVVADA-VIJAYAWADA - [N22000366]SCR,ANDHRA PRADESH ,",Apr-15,,,3873.07,3873.07,
PRJ_00958,WISE ANALYSIS OF PROJECTS RS. 150 CRORE AND ABOVE,"GUNTUR-GUNTAKAL - [N22000368]SCR,ANDHRA PRADESH ,",Apr-16,,,3631,3631,678.02
PRJ_04086,WISE ANALYSIS OF PROJECTS RS. 150 CRORE AND ABOVE,"VIJAYAWADA-GUDUR - [N22000369]RVNL,ANDHRA PRADESH ,",Apr-15,,,3548.67,3548.67,1384.54
PRJ_02569,WISE ANALYSIS OF PROJECTS RS. 150 CRORE AND ABOVE,"KOTTAVALSA - KORAPUT DOUBLING - [N22000377]ECOR,ANDHRA PRADESH ,",Apr-15,,,3382.95,3382.95,447.56
PRJ_01368,WISE ANALYSIS OF PROJECTS RS. 150 CRORE AND ABOVE,"MULTI MODAL LOGISTICS PARK AT VISHAKHAPATNAM - [N22000424]CCOI,ANDHRA PRADESH ,",Jan-13,,,387.7,387.7,323.91
PRJ_00206,WISE ANALYSIS OF PROJECTS RS. 150 CRORE AND ABOVE,"NEW B.G. LINE FROM TETELIA TO BYRNIHAT (NATIONAL PROJECT) NEFR - [N22000086]NFR,ASSAM ,",Sep-06,,,1532,1532,652.15
PRJ_00187,WISE ANALYSIS OF PROJECTS RS. 150 CRORE AND ABOVE,"AMBARI FALAKATA TO NEW MAYNAGURI - [N22000210]NFR,ASSAM ,",Apr-11,,,728,728,731.27
PRJ_00332,WISE ANALYSIS OF PROJECTS RS. 150 CRORE AND ABOVE,"BONGAIGAON-GOALPARA-GUWAHATI (176 KM) - [N22000388]NFR,ASSAM ,",Apr-15,,,2182,2182,765.94
PRJ_05629,WISE ANALYSIS OF PROJECTS RS. 150 CRORE AND ABOVE,"DIGARU-HOJAI (102 KM) - [N22000389]NFR,ASSAM ,",Apr-15,,,2136.01,2136.01,610.95
PRJ_00172,WISE ANALYSIS OF PROJECTS RS. 150 CRORE AND ABOVE,"JAYANAGAR-DARBHANGA-NARKATIA GANJ(GC) ECR - [220100240]ECR,BIHAR ,",Apr-97,,,1050,1050,1041.96
PRJ_00160,WISE ANALYSIS OF PROJECTS RS. 150 CRORE AND ABOVE,"KHAGARIA-KUSHESHWAR ASTHAN (NL) (ECR) - [220100257]ECR,BIHAR ,",Apr-97,,,614.45,614.45,311.33
PRJ_00280,WISE ANALYSIS OF PROJECTS RS. 150 CRORE AND ABOVE,FOUR LANING OF AURANGABAD - YEDISHI - [N24000508,Jul-15,,,1871.34,1871.34,3544.79
PRJ_00448,WISE ANALYSIS OF PROJECTS RS. 150 CRORE AND ABOVE,MDPL CAPACITY EXPANSION AND PALANPUR VADODARA PIPELINE EXTENSION - [N16000238,Sep-16,,,1879,1879,1590.22
PRJ_00894,WISE ANALYSIS OF PROJECTS RS. 150 CRORE AND ABOVE,"KALINARAYANPUR- KRISHNANAGAR DOUBLING ALONGWITH KRISHNANAGAR - CHAPRA NEW LINE AND NAIHATI-RANAGHAT 3 - [N22000224]ER,MULTI STATE",Apr-01,,,995.1,995.1,507.56
PRJ_01154,WISE ANALYSIS OF PROJECTS RS. 150 CRORE AND ABOVE,"PANIPAT-JALANDHAR 6 LANE(KM 96 TO 387.1 KM) - [N24000133]NHAI,HARYANA",May-09,,,2967.5,2967.5,3990.72
PRJ_00032,WISE ANALYSIS OF PROJECTS RS. 150 CRORE AND ABOVE,PANIPAT-JALANDHAR 6 LANE(KM 96 TO 387.1 KM) - [N24000133,May-09,,,2967.5,2967.5,3990.72
PRJ_01372,WISE ANALYSIS OF PROJECTS RS. 150 CRORE AND ABOVE,"PALAKKAD - SETTING UP OF RAIL COACH FACTORY - [N22000443]SR,KERALA",Feb-12,,,,,
PRJ_01816,WISE ANALYSIS OF PROJECTS RS. 150 CRORE AND ABOVE,"CONSTRUCTION OF 4-LANE LADDOWAL BYPASS - [N24000572]NHAI,GUJARAT",May-16,,,392,392,286.99
PRJ_01695,WISE ANALYSIS OF PROJECTS RS. 150 CRORE AND ABOVE,"GERIATRICS BLOCK- AIIMS DLEHI - [N21000019]HSCC,DELHI",Dec-17,,,,,
PRJ_00460,WISE ANALYSIS OF PROJECTS RS. 150 CRORE AND ABOVE,DOBHI-DURGAPUR PIPELINE PROJECT - [N16000273,Mar-17,,,2433,2433,1566.59
PRJ_01154,WISE ANALYSIS OF PROJECTS RS. 150 CRORE AND ABOVE,"PANIPAT-JALANDHAR 6 LANE(KM 96 TO 387.1 KM) - [N24000133]NHAI,HARYANA",May-09,,,2967.5,2967.5,3990.72
PRJ_00032,WISE ANALYSIS OF PROJECTS RS. 150 CRORE AND ABOVE,PANIPAT-JALANDHAR 6 LANE(KM 96 TO 387.1 KM),,May-09,May-09,,,
PRJ_00184,WISE ANALYSIS OF PROJECTS RS. 150 CRORE AND ABOVE,THIRUMAILA - VELACHERY : MASS RAPID TRANSIT SYSTEM (PHASE II),,Feb-96,Feb-96,,,268.87
PRJ_00032,WISE ANALYSIS OF PROJECTS RS. 150 CRORE AND ABOVE,PANIPAT-JALANDHAR 6 LANE(KM 96 TO 387.1 KM),,May-09,May-09,,,1108
PRJ_05775,WISE ANALYSIS OF PROJECTS RS. 150 CRORE AND ABOVE,PANIPAT-JALANDHAR 6 LANE(KM 96 TO 387.1 KM) - PPP (BOT) - [N24000133 ],May-09,,,2967.5,2967.5,167.82
PRJ_08274,Not Specified,AGRA-ETAWAH VIA FATEHABAD AND BAH (NL) NCR (NORTH CENTRAL RAILWAY) - [220100243],,Dec-09,Dec-09,455.39,455.39,
PRJ_01316,WISE ANALYSIS OF PROJECTS RS. 150 CRORE AND ABOVE,"KAKATIYA LONGWALL - [N06000048]SCCL,TELANGANA ,",Dec-08,,,453.63,453.63,121.91
PRJ_05618,WISE ANALYSIS OF PROJECTS RS. 150 CRORE AND ABOVE,"EASTERN REGION STRENGTHENING SCHEME-XVIII - [N18000258]PGCIL,MULTI STATE , CENTRAL SECTOR PROJECTS",Mar-17,,,3500,3500,1399.2
PRJ_03017,WISE ANALYSIS OF PROJECTS RS. 150 CRORE AND ABOVE,"HVDC BIPOLE LINK BETWEEN WR AND SR -NORTH TRICHUR - SCHEME -II AC SYSTEM STRENGTHENING AT PUGALUR EN - [N18000264]PGCIL,MULTI STATE , CENTRAL SECTOR PROJECTS",Aug-17,,,1931.39,1931.39,933.96
PRJ_00822,WISE ANALYSIS OF PROJECTS RS. 150 CRORE AND ABOVE,"DARLIPALLI STPP STAGE-I (2X800 MW) - [N18000176]NTPC,ODISHA ,",Feb-14,,,13740.53,13740.53,9460.46
PRJ_00836,WISE ANALYSIS OF PROJECTS RS. 150 CRORE AND ABOVE,"PG WORKS ASSOCIATED WITH COMMON TRANSMISSION SYSTEM FOR PHASE-II GENERATION PROJECT IN ODISHA - [N18000223]PGCIL,ODISHA ,",Apr-16,,,844.64,844.64,430.71
PRJ_00828,WISE ANALYSIS OF PROJECTS RS. 150 CRORE AND ABOVE,"TRAMISSION SYSTEM FOR SOLAR PARK AT BHADLA RAJISTHAN - [N18000227]PGCIL,RAJASTHAN ,",Jul-16,,,1429.38,1429.38,1011.38
PRJ_00840,WISE ANALYSIS OF PROJECTS RS. 150 CRORE AND ABOVE,"KUNADANKULAM APP TRANS SYSTEM (PGCIL) - [180100258]PGCIL,TAMIL NADU ,",May-05,,,2187.32,2187.32,2237.45
PRJ_00830,WISE ANALYSIS OF PROJECTS RS. 150 CRORE AND ABOVE,"TRANSMISSION SYSTEM FOR EVACUTION OF POWER FROM NEYVELI LIGNITE CORP LTD TS - I (REPLACEMENT) IN NEY - [N18000262]PGCIL,TAMIL NADU , CENTRAL SECTOR PROJECTS",May-17,,,186.17,186.17,103.12
PRJ_00829,WISE ANALYSIS OF PROJECTS RS. 150 CRORE AND ABOVE,"TELANGANA SUPER THERMAL POWER PROJECT PHASE I - [N18000212]NTPC,TELANGANA ,",Jan-16,,,10598.98,10598.98,5231.15
PRJ_00834,WISE ANALYSIS OF PROJECTS RS. 150 CRORE AND ABOVE,"TANDA TPP STAGE-II (2X660 MW) - [N18000175]NTPC,UTTAR PRADESH ,",Sep-14,,,9188.98,9188.98,6334.35
PRJ_00860,WISE ANALYSIS OF PROJECTS RS. 150 CRORE AND ABOVE,"DHUKWAN SMALL HYDRO PROJECT - [N18000189]THDCIL,UTTAR PRADESH ,",May-11,,,294.6,294.6,295.73
PRJ_00847,WISE ANALYSIS OF PROJECTS RS. 150 CRORE AND ABOVE,"MUNPL-MEJA TPP - JV (2X660 MW) - [N18000193]NTPC,UTTAR PRADESH , JOINT VENTURE",Apr-12,,,12176.28,12176.28,9703
PRJ_02566,WISE ANALYSIS OF PROJECTS RS. 150 CRORE AND ABOVE,"KHURJA SUPER THERMAL POWER PROJECT - [N18000272]THDCIL,UTTAR PRADESH ,",Mar-19,,,11089.42,11089.42,509.3
PRJ_05619,WISE ANALYSIS OF PROJECTS RS. 150 CRORE AND ABOVE,"140 MW BILHAUR SOLAR PV PROJECT BILHAUR UP - [N18000273]NTPC,UTTAR PRADESH ,",Dec-18,,,587.44,587.44,250
PRJ_05619,WISE ANALYSIS OF PROJECTS RS. 150 CRORE AND ABOVE,"85 MW BILHAUR SOLAR PV PROJECT BILHAUR UP - [N18000274]NTPC,UTTAR PRADESH ,",Mar-19,,,349,349,125
PRJ_00857,WISE ANALYSIS OF PROJECTS RS. 150 CRORE AND ABOVE,"TEHRI PUMPED STORAGE PLANT(1000MW) - [N18000010]THDCIL,UTTARAKHAND ,",Jul-06,,,5024.35,5024.35,2969.55
PRJ_00849,WISE ANALYSIS OF PROJECTS RS. 150 CRORE AND ABOVE,"TAPOVAN-VISHNUGAD HEP (4X130MW) - [N18000014]NTPC,UTTARAKHAND ,",Nov-06,,,5867.38,5867.38,4110.76
PRJ_00845,WISE ANALYSIS OF PROJECTS RS. 150 CRORE AND ABOVE,"VISHNUGAD PIPALKOTI HYDRO ELECTRIC PROJECT - [N18000042]THDCIL,UTTARAKHAND ,",Aug-08,,,4397.8,4397.8,1718.7
PRJ_01347,WISE ANALYSIS OF PROJECTS RS. 150 CRORE AND ABOVE,"LATA-TAPOVAN HYDRO ELECTRIC POWER PROJECT 3X57 MW - [N18000142]NTPC,UTTARAKHAND ,",Jul-12,,,1801.07,1801.07,148.91
PRJ_05620,WISE ANALYSIS OF PROJECTS RS. 150 CRORE AND ABOVE,"NAITWAR MORI HEP - [N18000265]SJVN,UTTARAKHAND ,",Oct-17,,,648.33,648.33,236.3
PRJ_00297,WISE ANALYSIS OF PROJECTS RS. 150 CRORE AND ABOVE,TIRUPATI - TIRUTHANI - CHENNAI - [N24000178,Apr-11,,,571,571,582.52
PRJ_00200,WISE ANALYSIS OF PROJECTS RS. 150 CRORE AND ABOVE,SAKRI-HASANPUR ROAD (NL) - [N22000171,Apr-99,,,729.92,729.92,124.59
PRJ_00894,WISE ANALYSIS OF PROJECTS RS. 150 CRORE AND ABOVE,"KALINARAYANPUR- KRISHNANAGAR DOUBLING ALONGWITH KRISHNANAGAR - CHAPRA NEW LINE AND NAIHATI-RANAGHAT 3 - [N22000224]ER,MULTI STATE",Apr-01,,,995.1,995.1,433.31
PRJ_01154,WISE ANALYSIS OF PROJECTS RS. 150 CRORE AND ABOVE,"PANIPAT-JALANDHAR 6 LANE(KM 96 TO 387.1 KM) - [N24000133]NHAI,HARYANA",May-09,,,2288,2288,3978.72
PRJ_02424,WISE ANALYSIS OF PROJECTS RS. 150 CRORE AND ABOVE,ROHTAK-MEHAM HANSI - [N22000272,Apr-12,,,694,694,141.81
PRJ_00032,WISE ANALYSIS OF PROJECTS RS. 150 CRORE AND ABOVE,PANIPAT-JALANDHAR 6 LANE(KM 96 TO 387.1 KM) - [N24000133,May-09,,,2288,2288,106.5
PRJ_01395,WISE ANALYSIS OF PROJECTS RS. 150 CRORE AND ABOVE,"MUMBAI CENTRAL VIRAR VADODARA AHMEDABAAD TRAIN PROTECTION SYSTEM 500 RKM - [N22000434]WR,MAHARASHTRA",Mar-10,,,,,
PRJ_01800,WISE ANALYSIS OF PROJECTS RS. 150 CRORE AND ABOVE,"FOUR LANNING OF LUDHIYANA- TALWANDI SECTION - [N24000483]NHAI,PUNJAB",Sep-14,,,479,479,453.09
PRJ_00826,WISE ANALYSIS OF PROJECTS RS. 150 CRORE AND ABOVE,"TRANSMISSION SYSTEM STRENTHENNING IN INDIAN SYSTEM FOR TRANSFER OF POWER FROM MANGDECHHU HYDROELECTR - [N18000213]PGCIL,MULTI STATE",Mar-16,,,,,
PRJ_01718,WISE ANALYSIS OF PROJECTS RS. 150 CRORE AND ABOVE,SONARPUR-CANNING WITH NEW MM FOR KALIKAPUR- MINAKHAN VIA GHATAKPUR NL - [N22000241,Apr-00,,,298.22,298.22,
PRJ_01154,WISE ANALYSIS OF PROJECTS RS. 150 CRORE AND ABOVE,"PANIPAT-JALANDHAR 6 LANE(KM 96 TO 387.1 KM) - [N24000133]NHAI,HARYANA",May-09,,,2288,2288,3978.72
PRJ_00032,WISE ANALYSIS OF PROJECTS RS. 150 CRORE AND ABOVE,PANIPAT-JALANDHAR 6 LANE(KM 96 TO 387.1 KM),,May-09,May-09,,,
PRJ_01978,WISE ANALYSIS OF PROJECTS RS. 150 CRORE AND ABOVE,SAGAULI VALMIKINAGAR DOUBLING 109.7 KM,,Apr-16,Apr-16,,,744.04
PRJ_00032,WISE ANALYSIS OF PROJECTS RS. 150 CRORE AND ABOVE,PANIPAT-JALANDHAR 6 LANE(KM 96 TO 387.1 KM),,May-09,May-09,,,1108
PRJ_05775,WISE ANALYSIS OF PROJECTS RS. 150 CRORE AND ABOVE,PANIPAT-JALANDHAR 6 LANE(KM 96 TO 387.1 KM) - PPP (BOT) - [N24000133 ],May-09,,,2288,2288,106.5
PRJ_02934,"-9, DWARKA - [N07000001],NPCC,DELHI",CONSTRUCTION OF EIGHT LANE ACCESS CONTROLLED EXPRESSWAY CARRIAGEWAY FROM BANI VILLAGE TO BARDAWADI V - [N24001212,Dec-17,,,840,840,1103
PRJ_02536,"-9, DWARKA - [N07000001],NPCC,DELHI","RANIGANJ MASTER PLAN - [N06000163]ECL,WEST BENGAL",Aug-09,,,5146.48,5146.48,696.28
PRJ_04043,"-9, DWARKA - [N07000001],NPCC,DELHI","GAS ASSISTED GRAVITY DRAINAGE SCHEME, KASOMARIGAON - [N16000433]ONGC,ASSAM",Aug-21,,,218.38,218.38,63.94
PRJ_02416,"-9, DWARKA - [N07000001],NPCC,DELHI","UDHAMPUR-SRINAGAR-BARAMULLA (NL),NR - [220100133",Mar-95,,,37012.26,37012.26,35455.46
PRJ_01642,"-9, DWARKA - [N07000001],NPCC,DELHI","CONST. OF MISSING LINK BETWEEN KM. 11/680 TO KM. 14/020 AND WIDENING OF EXISTING TWO LANE ROAD - [N24000258]MORTH,GOA",Mar-15,,,,,
PRJ_04419,"-9, DWARKA - [N07000001],NPCC,DELHI","CGD PROJECT AT PATHANKOT DISTRICT - [N16000488]IOCL,PUNJAB",Mar-22,,,,,
PRJ_06296,"-9, DWARKA - [N07000001],NPCC,DELHI",CITY GAS DISTRIBUTION NETWORK PROJECT AT BALLARI AND GADAG - [N16000461,Apr-19,,,897.62,897.62,178.46
PRJ_00198,"-9, DWARKA - [N07000001],NPCC,DELHI","LUCKNOW- PILIBHIT VIA SITAPUR, LAKHIMPUR GC",,Apr-11,Apr-11,,,927.01
PRJ_01642,"-9, DWARKA - [N07000001],NPCC,DELHI","CONST. OF MISSING LINK BETWEEN KM. 11/680 TO KM. 14/020 AND WIDENING OF EXISTING TWO LANE ROAD - [N24000258]MORTH,GOA",Mar-15,,,,,
PRJ_03206,"-9, DWARKA - [N07000001],NPCC,DELHI",KOTLPALLI-NARASAPUR (NL) (SCR) - [220100265,Dec-01,,,2500.98,2500.98,139.28
PRJ_03577,"-9, DWARKA - [N07000001],NPCC,DELHI",CONSTRUCTION OF 2-LANING WITH HARD SHOULDER ROAD OF UKHRUL - TOLOI - TADUBI SECTION OF NH- 102A FROM,Sep-21,Feb-24,Feb-24,310.76,310.76,66.01
PRJ_04595,"-9, DWARKA - [N07000001],NPCC,DELHI",LADDA - BASAI,Feb-21,Apr-23,Feb-24,445.96,445.96,59.52
PRJ_02934,"-9, DWARKA - [N07000001],NPCC,DELHI",CONSTRUCTION OF EIGHT LANE ACCESS CONTROLLED EXPRESSWAY CARRIAGEWAY FROM BANI VILLAGE TO BARDAWADI V - [N24001212,Dec-17,,,840,840,1103
PRJ_02536,"-9, DWARKA - [N07000001],NPCC,DELHI","RANIGANJ MASTER PLAN - [N06000163]ECL,WEST BENGAL",Aug-09,,,5146.48,5146.48,696.28
PRJ_04043,"-9, DWARKA - [N07000001],NPCC,DELHI","GAS ASSISTED GRAVITY DRAINAGE SCHEME, KASOMARIGAON - [N16000433]ONGC,ASSAM",Aug-21,,,218.38,218.38,63.94
PRJ_02416,"-9, DWARKA - [N07000001],NPCC,DELHI","UDHAMPUR-SRINAGAR-BARAMULLA (NL),NR - [220100133",Mar-95,,,37012.26,37012.26,35455.46
PRJ_01642,"-9, DWARKA - [N07000001],NPCC,DELHI","CONST. OF MISSING LINK BETWEEN KM. 11/680 TO KM. 14/020 AND WIDENING OF EXISTING TWO LANE ROAD - [N24000258]MORTH,GOA",Mar-15,,,,,
PRJ_04419,"-9, DWARKA - [N07000001],NPCC,DELHI","CGD PROJECT AT PATHANKOT DISTRICT - [N16000488]IOCL,PUNJAB",Mar-22,,,,,
PRJ_06296,"-9, DWARKA - [N07000001],NPCC,DELHI",CITY GAS DISTRIBUTION NETWORK PROJECT AT BALLARI AND GADAG - [N16000461,Apr-19,,,897.62,897.62,178.46
PRJ_00198,"-9, DWARKA - [N07000001],NPCC,DELHI","LUCKNOW- PILIBHIT VIA SITAPUR, LAKHIMPUR GC",,Apr-11,Apr-11,,,927.01
PRJ_01642,"-9, DWARKA - [N07000001],NPCC,DELHI","CONST. OF MISSING LINK BETWEEN KM. 11/680 TO KM. 14/020 AND WIDENING OF EXISTING TWO LANE ROAD - [N24000258]MORTH,GOA",Mar-15,,,,,
PRJ_03206,"-9, DWARKA - [N07000001],NPCC,DELHI",KOTLPALLI-NARASAPUR (NL) (SCR) - [220100265,Dec-01,,,2500.98,2500.98,139.28
PRJ_03577,"-9, DWARKA - [N07000001],NPCC,DELHI",CONSTRUCTION OF 2-LANING WITH HARD SHOULDER ROAD OF UKHRUL - TOLOI - TADUBI SECTION OF NH- 102A FROM,Sep-21,Feb-24,Feb-24,310.76,310.76,66.01
PRJ_04595,"-9, DWARKA - [N07000001],NPCC,DELHI",LADDA - BASAI,Feb-21,Apr-23,Feb-24,445.96,445.96,59.52
PRJ_08274,Not Specified,AGRA-ETAWAH VIA FATEHABAD AND BAH (NL) NCR (NORTH CENTRAL RAILWAY) - [220100243],,Dec-09,Dec-09,455.39,455.39,
PRJ_01320,WISE ANALYSIS OF PROJECTS RS.150 CRORE AND ABOVE,"SRAVANAPALLI OPENCAST PROJECT - [N06000175]SCCL,TELANGANA ,",Feb-18,,,412.7,412.7,
PRJ_01739,WISE ANALYSIS OF PROJECTS RS.150 CRORE AND ABOVE,"CHHAPRA-MUZAFFARPUR (NL) - [N22000172]ECR,BIHAR ,",Apr-06,,,2614.36,2614.36,375.63
PRJ_01745,WISE ANALYSIS OF PROJECTS RS.150 CRORE AND ABOVE,"KURSELA-BIHARIGANJ (NL) - [N22000178]ECR,BIHAR ,",Apr-08,,,192.56,192.56,
PRJ_01746,WISE ANALYSIS OF PROJECTS RS.150 CRORE AND ABOVE,"MUZAFFARPUR-DARBANGHA (NL) - [N22000179]ECR,BIHAR ,",Apr-08,,,281.3,281.3,
PRJ_01747,WISE ANALYSIS OF PROJECTS RS.150 CRORE AND ABOVE,"SAKRI-NIRMALI AND JHANJHARPUR- LAUKAHABAZAR AND SAHARSA-FORBESGANJ (GC) - [N22000180]ECR,BIHAR ,",Apr-04,,,1470.5,1470.5,356.81
PRJ_01001,WISE ANALYSIS OF PROJECTS RS.150 CRORE AND ABOVE,"JAYNAGAR-BIJALPURA INCLUDING EXTENSION BIJALPURA-BARDIBAS(NEPAL) GC - [N22000181]ECR,BIHAR ,",Apr-09,,,785.87,785.87,457.46
PRJ_00178,WISE ANALYSIS OF PROJECTS RS.150 CRORE AND ABOVE,"HAJIPUR-RAMDAYALUNAGAR DOUBLING - [N22000182]ECR,BIHAR ,",Apr-13,,,400.17,400.17,378.41
PRJ_01731,WISE ANALYSIS OF PROJECTS RS.150 CRORE AND ABOVE,"SAMASTIPUR-DARBANGHA - [N22000329]ECR,BIHAR ,",May-15,,,519.33,519.33,126.8
PRJ_01002,WISE ANALYSIS OF PROJECTS RS.150 CRORE AND ABOVE,"KIUL - GAYA DOUBLING PROJECT - [N22000349]ECR,BIHAR ,",Dec-15,,,1200.2,1200.2,390.91
PRJ_00914,WISE ANALYSIS OF PROJECTS RS.150 CRORE AND ABOVE,"RAMPUR DUMRA - TAL - RAJENDRAPUL DOUBLING INCLUDING GANGA BRIDGE - [N22000350]ECR,BIHAR ,",Dec-15,,,1491.47,1491.47,424.98
PRJ_00171,WISE ANALYSIS OF PROJECTS RS.150 CRORE AND ABOVE,"MUZAFFARPUR-SITAMARHI NEW LINE - [N22000374]ECR,BIHAR ,",Jan-91,,,559.91,559.91,541.07
PRJ_00186,WISE ANALYSIS OF PROJECTS RS.150 CRORE AND ABOVE,"RAJGIR HISUA TILAIYA (46KM) INCL. MM NATESHWAR ISLAMPUR - [N22000475]ECR,BIHAR ,",Apr-98,,,727.29,727.29,488.81
PRJ_00201,WISE ANALYSIS OF PROJECTS RS.150 CRORE AND ABOVE,"FATUHA-ISLAMPUR INCL. MM FOR EXTENSION OF NEW LINE FORM BIHARSHARIF-BARBIGHA DANIYAWAN-BIHARSHARIF - [N22000476]ECR,BIHAR ,",Apr-91,,,1483.14,1483.14,815.41
PRJ_00898,WISE ANALYSIS OF PROJECTS RS.150 CRORE AND ABOVE,"KIRANDUL - JAGDALPUR DOUBLING - [N22000318]ECOR,CHHATISGARH ,",Dec-12,,,1160.83,1160.83,654.74
PRJ_02568,WISE ANALYSIS OF PROJECTS RS.150 CRORE AND ABOVE,"RAIPUR - TITLAGARH - DOUBLING - [N22000411]RVNL,CHHATISGARH ,",Mar-07,,,1100,1100,987.29
PRJ_01360,WISE ANALYSIS OF PROJECTS RS.150 CRORE AND ABOVE,"MULTI MODAL LOGISTICS PARK AT NAYA RAIPUR - [N22000425]CCOI,CHHATISGARH ,",May-14,,,207,207,153.83
PRJ_02620,WISE ANALYSIS OF PROJECTS RS.150 CRORE AND ABOVE,"CHAMPA-JHARSUGUDA 3RD LINE - [N22000483]SECR,CHHATISGARH ,",Apr-08,,,1226.51,1226.51,1034.58
PRJ_01246,WISE ANALYSIS OF PROJECTS RS.150 CRORE AND ABOVE,"REHABILITATION AND UPGRADATION OF NH565 FROM EXISTING KM 361.330(DORNALA T JUNCTION) TO KM 420.800(P - [N24000963]MORTH,ANDHRA PRADESH ,",Jan-18,,,418.03,418.03,100
PRJ_01190,WISE ANALYSIS OF PROJECTS RS.150 CRORE AND ABOVE,"DIGRAS DARWAH KARANJA - [N24001013]MORTH,MAHARASHTRA ,",Jan-17,,,391.06,391.06,100
PRJ_00316,WISE ANALYSIS OF PROJECTS RS.150 CRORE AND ABOVE,4 LANING OF KASHIPUR-SITARGANJ SECTION KM. 175.000 TO KM. 252.20 - [N24000638,Nov-12,,,605.84,605.84,722.46
PRJ_00420,WISE ANALYSIS OF PROJECTS RS.150 CRORE AND ABOVE,"FUEL QUALITY UPGRADATION (NSU,NHT CCR NEW UNIT) PROJECT AT BARAUNI REFINERY - [N16000348",Jun-17,,,951.64,951.64,300.5
PRJ_02429,WISE ANALYSIS OF PROJECTS RS.150 CRORE AND ABOVE,CHHAPRA-MUZAFFARPUR (NL) - [N22000172,Apr-06,,,2614.36,2614.36,590.61
PRJ_00828,WISE ANALYSIS OF PROJECTS RS.150 CRORE AND ABOVE,"TRAMISSION SYSTEM FOR SOLAR PARK AT BHADLA RAJISTHAN - [N18000227]PGCIL,RAJASTHAN",Jul-16,,,1429.38,1429.38,1011.38
PRJ_00863,WISE ANALYSIS OF PROJECTS RS.150 CRORE AND ABOVE,"GREEN ENERGY CORRIDORS - INTER STATE TRANSSMISSION SCHEME PART-D - [N18000218]PGCIL,MULTI STATE",May-16,,,3519.59,3519.59,2431
PRJ_00866,WISE ANALYSIS OF PROJECTS RS.150 CRORE AND ABOVE,"TR. SYSTEM ASSOCIATED WITH MUNDRA ULTRA MEGA POWER PROJECT - [N18000061]PGCIL,MULTI STATE",Oct-08,,,5071.94,5071.94,4558.05
PRJ_00826,WISE ANALYSIS OF PROJECTS RS.150 CRORE AND ABOVE,"TRANSMISSION SYSTEM STRENTHENNING IN INDIAN SYSTEM FOR TRANSFER OF POWER FROM MANGDECHHU HYDROELECTR - [N18000213]PGCIL,MULTI STATE",Mar-16,,,808.63,808.63,513.85
PRJ_00854,WISE ANALYSIS OF PROJECTS RS.150 CRORE AND ABOVE,"NORTH- EAST NORTH WESTERN INTERCONNECTOR I PROJECT - [N18000066]PGCIL,MULTI STATE",Feb-09,,,14719.1,14719.1,12804.46
PRJ_00894,WISE ANALYSIS OF PROJECTS RS.150 CRORE AND ABOVE,"KALINARAYANPUR- KRISHNANAGAR DOUBLING ALONGWITH KRISHNANAGAR - CHAPRA NEW LINE AND NAIHATI-RANAGHAT 3 - [N22000224]ER,MULTI STATE",Apr-01,,,1218.71,1218.71,431.9
PRJ_01154,WISE ANALYSIS OF PROJECTS RS.150 CRORE AND ABOVE,"PANIPAT-JALANDHAR 6 LANE(KM 96 TO 387.1 KM) - [N24000133]NHAI,HARYANA",May-09,,,2288,2288,3978.72
PRJ_00032,WISE ANALYSIS OF PROJECTS RS.150 CRORE AND ABOVE,PANIPAT-JALANDHAR 6 LANE(KM 96 TO 387.1 KM) - [N24000133,May-09,,,2288,2288,106.5
PRJ_01372,WISE ANALYSIS OF PROJECTS RS.150 CRORE AND ABOVE,"PALAKKAD - SETTING UP OF RAIL COACH FACTORY - [N22000443]SR,KERALA",Feb-12,,,,,
PRJ_01808,WISE ANALYSIS OF PROJECTS RS.150 CRORE AND ABOVE,"4-LANNING OF CHUTMALPUR-GANESHPUR SECTION OF NH-72A FROM KM 0.000 (KM 22.825 OF MH-73) TO KM 17.900 - [N24000562]NHAI,UTTARAKHAND",Mar-16,,,1443,1443,507.87
PRJ_00766,WISE ANALYSIS OF PROJECTS RS.150 CRORE AND ABOVE,"CNCI KOLKATA WEST BENGAL - [N21000015]HSCC,WEST BENGAL",Aug-16,,,,,
PRJ_00845,WISE ANALYSIS OF PROJECTS RS.150 CRORE AND ABOVE,"VISHNUGAD PIPALKOTI HYDRO ELECTRIC PROJECT - [N18000042]THDCIL,UTTARAKHAND",Aug-08,,,4397.8,4397.8,1697.38
PRJ_01154,WISE ANALYSIS OF PROJECTS RS.150 CRORE AND ABOVE,"PANIPAT-JALANDHAR 6 LANE(KM 96 TO 387.1 KM) - [N24000133]NHAI,HARYANA",May-09,,,2288,2288,3978.72
PRJ_00032,WISE ANALYSIS OF PROJECTS RS.150 CRORE AND ABOVE,PANIPAT-JALANDHAR 6 LANE(KM 96 TO 387.1 KM),,May-09,May-09,,,
PRJ_02099,WISE ANALYSIS OF PROJECTS RS.150 CRORE AND ABOVE,MUZAFFARPUR SAGAULI DOUBLING 100.60 KM,,Apr-16,Apr-16,,,731.64
PRJ_02078,WISE ANALYSIS OF PROJECTS RS.150 CRORE AND ABOVE,DIGHA-JALESWAR INCLUDING MM FOR DIGHA-EGRA,,Apr-10,Apr-10,,,651
PRJ_00032,WISE ANALYSIS OF PROJECTS RS.150 CRORE AND ABOVE,PANIPAT-JALANDHAR 6 LANE(KM 96 TO 387.1 KM),,May-09,May-09,,,1108
PRJ_05775,WISE ANALYSIS OF PROJECTS RS.150 CRORE AND ABOVE,PANIPAT-JALANDHAR 6 LANE(KM 96 TO 387.1 KM) - PPP (BOT) - [N24000133 ],May-09,,,2288,2288,106.5
PRJ_08274,Not Specified,AGRA-ETAWAH VIA FATEHABAD AND BAH (NL) NCR (NORTH CENTRAL RAILWAY) - [220100243],,Dec-09,Dec-09,455.39,455.39,
PRJ_00741,WISE ANALYSIS OF PROJECTS RS. 150 CRORE AND ABOVE,"RAMAGUNDAM OC-II EXTENSION - [N06000078]SCCL,TELANGANA ,",Dec-09,,,489.62,489.62,416.88
PRJ_00931,WISE ANALYSIS OF PROJECTS RS. 150 CRORE AND ABOVE,"BAGALKOT-KUDACHI NL - [N22000258]SWR,KARNATAKA ,",Apr-10,,,986.3,986.3,303.33
PRJ_01758,WISE ANALYSIS OF PROJECTS RS. 150 CRORE AND ABOVE,"CHIKBALLA-PUR-PUTTTAPARTHY-SRI SATYA SAI NILAYAM NL - [N22000276]SWR,KARNATAKA ,",Apr-13,,,692.43,692.43,
PRJ_00975,WISE ANALYSIS OF PROJECTS RS. 150 CRORE AND ABOVE,"SHIMOGA-HARIHAR NL - [N22000278]SWR,KARNATAKA ,",Apr-11,,,832.47,832.47,
PRJ_01760,WISE ANALYSIS OF PROJECTS RS. 150 CRORE AND ABOVE,"WHITE FIELD-KOLAR NL - [N22000280]SWR,KARNATAKA ,",Apr-11,,,348.85,348.85,
PRJ_02574,WISE ANALYSIS OF PROJECTS RS. 150 CRORE AND ABOVE,"HOSPET-HUBLI-LONDA-VASCODAGAMA DL - [N22000297]RVNL,KARNATAKA ,",Apr-10,,,2900,2900,1815.11
PRJ_01761,WISE ANALYSIS OF PROJECTS RS. 150 CRORE AND ABOVE,"TORANAGALLU-RANJITPURA DL - [N22000298]SWR,KARNATAKA ,",Apr-11,,,167.5,167.5,
PRJ_00890,WISE ANALYSIS OF PROJECTS RS. 150 CRORE AND ABOVE,"GADAG-WADI NL - [N22000299]SWR,KARNATAKA ,",Apr-13,,,2841.84,2841.84,204
PRJ_01762,WISE ANALYSIS OF PROJECTS RS. 150 CRORE AND ABOVE,"CHIKBALLA-PUR-GOWRIBIDANUR NL - [N22000300]SWR,KARNATAKA ,",Apr-13,,,367.77,367.77,
PRJ_00985,WISE ANALYSIS OF PROJECTS RS. 150 CRORE AND ABOVE,"HUBLI- CHIKJAJUR - [N22000325]SWR,KARNATAKA ,",Mar-15,,,1140.94,1140.94,938.22
PRJ_02578,WISE ANALYSIS OF PROJECTS RS. 150 CRORE AND ABOVE,"ARSIKERE-TUMKUR - [N22000332]SWR,KARNATAKA ,",Mar-15,,,578,578,569.14
PRJ_00934,WISE ANALYSIS OF PROJECTS RS. 150 CRORE AND ABOVE,"KADUR CHIKMAGALUR SAKLESHPUR NEW LINE (93 KM) - [N22000486]SWR,KARNATAKA ,",Mar-96,,,890,890,461.86
PRJ_01379,WISE ANALYSIS OF PROJECTS RS. 150 CRORE AND ABOVE,"ANGAMALI-SABARIMALA (N.L.)(SR) - [220100252]SR,KERALA ,",Oct-98,,,2815.62,2815.62,264.28
PRJ_01362,WISE ANALYSIS OF PROJECTS RS. 150 CRORE AND ABOVE,"TURAVUR-AMBALAPUZHA DOUBLING - [N22000400]SR,KERALA ,",Feb-15,,,828.5,828.5,
PRJ_01372,WISE ANALYSIS OF PROJECTS RS. 150 CRORE AND ABOVE,"PALAKKAD - SETTING UP OF RAIL COACH FACTORY - [N22000443]SR,KERALA ,",Feb-12,,,550,550,
PRJ_01005,WISE ANALYSIS OF PROJECTS RS. 150 CRORE AND ABOVE,"RAMGANJMUNDI-BHOPAL (NL) WCR - [220100314]WCR,MADHYA PRADESH ,",Apr-01,,,2909.99,2909.99,1975.34
PRJ_01728,WISE ANALYSIS OF PROJECTS RS. 150 CRORE AND ABOVE,"CHHINDWARA - NAGPUR (GC)(SECR) - [220100324]SECR,MADHYA PRADESH ,",Apr-05,,,1413.76,1413.76,1351.73
PRJ_00965,WISE ANALYSIS OF PROJECTS RS. 150 CRORE AND ABOVE,"RATLAM-MHOW-KHANDWA-AKOLA (GC) - [N22000120]WR,MADHYA PRADESH ,",Apr-08,,,3975.22,3975.22,1809.98
PRJ_00905,WISE ANALYSIS OF PROJECTS RS. 150 CRORE AND ABOVE,"KATNI - SINGRAULI DOUBLING PROJECT - [N22000351]WCR,MADHYA PRADESH ,",Dec-15,,,1762.94,1762.94,867.52
PRJ_02576,WISE ANALYSIS OF PROJECTS RS. 150 CRORE AND ABOVE,"BINA - KOTA DOUBLING WITH RE - [N22000414]RVNL,MADHYA PRADESH ,",Apr-11,,,1485.85,1485.85,1196.74
PRJ_01007,WISE ANALYSIS OF PROJECTS RS. 150 CRORE AND ABOVE,"KATNI-BINA 3RD LINE (263 KM) - [N22000415]WCR,MADHYA PRADESH ,",Jun-16,,,2478.23,2478.23,477.93
PRJ_00246,WISE ANALYSIS OF PROJECTS RS. 150 CRORE AND ABOVE,FOUR LANING OF KIRATPUR NEAR CHOUK SECTION (73.20 KM TO186.50 KM) - [N24000232,Nov-13,,,1916.79,1916.79,1948.92
PRJ_02472,WISE ANALYSIS OF PROJECTS RS. 150 CRORE AND ABOVE,R AND D CAMPUS II AT FARIDABAD - [N16000375,Jun-19,,,2281.94,2281.94,
PRJ_03848,WISE ANALYSIS OF PROJECTS RS. 150 CRORE AND ABOVE,"KODERMA-TILAIYA (NL), ECR - [220100305",Apr-02,,,1625.87,1625.87,589.58
PRJ_00894,WISE ANALYSIS OF PROJECTS RS. 150 CRORE AND ABOVE,"KALINARAYANPUR- KRISHNANAGAR DOUBLING ALONGWITH KRISHNANAGAR - CHAPRA NEW LINE AND NAIHATI-RANAGHAT 3 - [N22000224]ER,MULTI STATE",Apr-01,,,995.1,995.1,529.05
PRJ_01154,WISE ANALYSIS OF PROJECTS RS. 150 CRORE AND ABOVE,"PANIPAT-JALANDHAR 6 LANE(KM 96 TO 387.1 KM) - [N24000133]NHAI,HARYANA",May-09,,,2967.5,2967.5,3990.72
PRJ_00032,WISE ANALYSIS OF PROJECTS RS. 150 CRORE AND ABOVE,PANIPAT-JALANDHAR 6 LANE(KM 96 TO 387.1 KM) - [N24000133,May-09,,,2967.5,2967.5,3990.72
PRJ_01385,WISE ANALYSIS OF PROJECTS RS. 150 CRORE AND ABOVE,"MANUGURU-RAMAGUNDAM - [N22000259]SCR,TELANGANA",Apr-13,,,,,
PRJ_01693,WISE ANALYSIS OF PROJECTS RS. 150 CRORE AND ABOVE,"SUPER SPECIALITY BLOCK PMSSY GOA - [N21000022]HSCC,GOA",Jan-18,,,,,
PRJ_00161,WISE ANALYSIS OF PROJECTS RS. 150 CRORE AND ABOVE,TOLLYGANJ-GARIA WITH EXTENSION TO DUM DUM- NOAPARA AND NOAPARA-NSCB AIRPORT(MTP) - [220100268,Mar-00,,,3404.92,3404.92,224.37
PRJ_01154,WISE ANALYSIS OF PROJECTS RS. 150 CRORE AND ABOVE,"PANIPAT-JALANDHAR 6 LANE(KM 96 TO 387.1 KM) - [N24000133]NHAI,HARYANA",May-09,,,2967.5,2967.5,3990.72
PRJ_00032,WISE ANALYSIS OF PROJECTS RS. 150 CRORE AND ABOVE,PANIPAT-JALANDHAR 6 LANE(KM 96 TO 387.1 KM),,May-09,May-09,,,
PRJ_01997,WISE ANALYSIS OF PROJECTS RS. 150 CRORE AND ABOVE,BANASPANI- JAKHPURA - DOUBLING,,Mar-09,Mar-09,,,942.95
PRJ_00032,WISE ANALYSIS OF PROJECTS RS. 150 CRORE AND ABOVE,PANIPAT-JALANDHAR 6 LANE(KM 96 TO 387.1 KM),,May-09,May-09,,,1108
PRJ_05775,WISE ANALYSIS OF PROJECTS RS. 150 CRORE AND ABOVE,PANIPAT-JALANDHAR 6 LANE(KM 96 TO 387.1 KM) - PPP (BOT) - [N24000133 ],May-09,,,2967.5,2967.5,167.82
PRJ_07373,"CUSTOMS AT -9, DWARKA",SURAT- DAHISAR(SIX LANE) KM 263 TO KM 502 PPP (BOT)(NATIONAL HIGHWAYS AUTHORITY OF INDIA) - [N24000131],,Aug-11,Aug-11,2848.49,2848.49,
PRJ_08584,Not Specified,TRANSMISSION SYSTEM STRENGTHENING IN WR-NR TRANSMISSION CORRIDOR FOR IPPS IN CHHATTISGARH (POWER GRID CORPORATION OF INDIA LIMITED) - [N18000168],,Mar-18,Mar-18,3269.93,3269.93,
PRJ_07590,WITH JAITPUR PUSHTA ROAD TO JN WITH,SIX / FOUR LANING OF NH 5 (NEW NH 16) FROM PUINTOLA TO TANGI (KM. 284.000 TO KM. 355.000) EPC(NATIONAL HIGHWAYS AUTHORITY OF INDIA) - [N24000845],,Dec-20,Dec-20,415.11,415.11,
PRJ_02125,Not Specified,CONSTRUCTION OF 2-LANE MELLI MANPUR NAMCHI ROAD IN SOUTH SIKKIM,Jan-13,Feb-13,Feb-13,,,
PRJ_02536,WISE ANALYSIS OF PROJECTS RS.150 CRORE AND ABOVE,"RANIGANJ MASTER PLAN - [N06000163]ECL,WEST BENGAL ,",Aug-09,,,2661.73,2661.73,215.57
PRJ_00833,WISE ANALYSIS OF PROJECTS RS.150 CRORE AND ABOVE,"GADARWARA SUPER THERMAL POWER PROJECT STAGE-I - [N18000151]NTPC,MADHYA PRADESH ,",Mar-13,,,12865.92,12865.92,11086.44
PRJ_02616,WISE ANALYSIS OF PROJECTS RS.150 CRORE AND ABOVE,"KHARGONE STPP STAGE I (1320 MW) - [N18000205]NTPC,MADHYA PRADESH ,",Mar-15,,,11148.86,11148.86,7697.03
PRJ_05616,WISE ANALYSIS OF PROJECTS RS.150 CRORE AND ABOVE,"AMELIA COAL MINE - [N18000252]THDCIL,MADHYA PRADESH , CENTRAL SECTOR PROJECTS",Jan-17,,,1587.16,1587.16,298.44
PRJ_01348,WISE ANALYSIS OF PROJECTS RS.150 CRORE AND ABOVE,"MOUDA STPP STAGE 2 - [N18000132]NTPC,MAHARASHTRA ,",Mar-12,,,7921.47,7921.47,5302
PRJ_00866,WISE ANALYSIS OF PROJECTS RS.150 CRORE AND ABOVE,"TR. SYSTEM ASSOCIATED WITH MUNDRA ULTRA MEGA POWER PROJECT - [N18000061]PGCIL,MULTI STATE ,",Oct-08,,,5071.94,5071.94,4556.97
PRJ_00854,WISE ANALYSIS OF PROJECTS RS.150 CRORE AND ABOVE,"NORTH- EAST NORTH WESTERN INTERCONNECTOR I PROJECT - [N18000066]PGCIL,MULTI STATE ,",Feb-09,,,14719.1,14719.1,12804.3
PRJ_00839,WISE ANALYSIS OF PROJECTS RS.150 CRORE AND ABOVE,"SYTEM STRENGTHENING XIII OF SR GRID - [N18000109]PGCIL,MULTI STATE ,",Oct-11,,,639.46,639.46,530.9
PRJ_00821,WISE ANALYSIS OF PROJECTS RS.150 CRORE AND ABOVE,"EASTERN REGION STRENGTHENING SCHEME-V - [N18000155]PGCIL,MULTI STATE ,",Oct-13,,,1891.41,1891.41,1254.88
PRJ_00824,WISE ANALYSIS OF PROJECTS RS.150 CRORE AND ABOVE,"UNIFIED REAL TIME DYNAMIC STATE MEASUREMENT PHASE-I - [N18000157]PGCIL,MULTI STATE ,",Jan-14,,,374.63,374.63,
PRJ_00821,WISE ANALYSIS OF PROJECTS RS.150 CRORE AND ABOVE,"EASTERN REGION STRENGTHENING SCHEME-XII - [N18000164]PGCIL,MULTI STATE ,",May-14,,,546.36,546.36,463.43
PRJ_00838,WISE ANALYSIS OF PROJECTS RS.150 CRORE AND ABOVE,"TRANSMISSION SYSTEM STRENGTHENING IN WR- NR TRANSMISSION CORRIDOR FOR IPPS IN CHHATTISGARH - [N18000168]PGCIL,MULTI STATE ,",Jun-14,,,5151.37,5151.37,3110.3
PRJ_00821,WISE ANALYSIS OF PROJECTS RS.150 CRORE AND ABOVE,"EASTERN REGION STRENGTHENING SCHEME -IX - [N18000171]PGCIL,MULTI STATE ,",Feb-14,,,225.28,225.28,161.92
PRJ_00859,WISE ANALYSIS OF PROJECTS RS.150 CRORE AND ABOVE,"TRANSMISSION SYSTEM ASSOCIATED WITH KISHENGANAGA HEP - [N18000180]PGCIL,MULTI STATE ,",Jan-15,,,340.88,340.88,250
PRJ_00832,WISE ANALYSIS OF PROJECTS RS.150 CRORE AND ABOVE,"TRANSMISSION SYSTEM ASSOICATED WITH TEHRI PUMP STORAGE PLANT (PSP) - [N18000181]PGCIL,MULTI STATE ,",Jan-15,,,871.62,871.62,545.22
PRJ_00846,WISE ANALYSIS OF PROJECTS RS.150 CRORE AND ABOVE,"SYSTEM STRENGTHENING IN SOUTHERN REGION - XXIII - [N18000182]PGCIL,MULTI STATE ,",Jan-15,,,260.03,260.03,190.46
PRJ_00826,WISE ANALYSIS OF PROJECTS RS.150 CRORE AND ABOVE,"TRANSMISSION SYSTEM STRENTHENNING IN INDIAN SYSTEM FOR TRANSFER OF POWER FROM MANGDECHHU HYDROELECTR - [N18000213]PGCIL,MULTI STATE ,",Mar-16,,,808.63,808.63,502.36
PRJ_00863,WISE ANALYSIS OF PROJECTS RS.150 CRORE AND ABOVE,"GREEN ENERGY CORRIDORS - INTER STATE TRANSSMISSION SCHEME PART-D - [N18000218]PGCIL,MULTI STATE ,",May-16,,,3519.59,3519.59,2408.3
PRJ_00500,WISE ANALYSIS OF PROJECTS RS.150 CRORE AND ABOVE,"HVDC BIPOLE LINK BETWEEN WR (RAIGARH CHATTISGARH) AND SR (PUGALUR-NORTH TRICHUR-SCHEME-I: RAIGARH-P - [N18000219]PGCIL,MULTI STATE ,",May-16,,,14733.37,14733.37,7613.85
PRJ_00855,WISE ANALYSIS OF PROJECTS RS.150 CRORE AND ABOVE,"SOUTHERN REGION STRENGTHENING SCHEME-XXI - [N18000233]PGCIL,MULTI STATE ,",Sep-16,,,562.25,562.25,375.6
PRJ_01246,WISE ANALYSIS OF PROJECTS RS.150 CRORE AND ABOVE,"REHABILITATION AND UPGRADATION OF NH565 FROM EXISTING KM 361.330(DORNALA T JUNCTION) TO KM 420.800(P - [N24000963]MORTH,ANDHRA PRADESH ,",Jan-18,,,418.03,418.03,100
PRJ_01190,WISE ANALYSIS OF PROJECTS RS.150 CRORE AND ABOVE,"DIGRAS DARWAH KARANJA - [N24001013]MORTH,MAHARASHTRA ,",Jan-17,,,391.06,391.06,100
PRJ_00256,WISE ANALYSIS OF PROJECTS RS.150 CRORE AND ABOVE,KRISHNANAGAR-BERHAMPUR - [N24000209,Feb-12,,,702.16,702.16,733.33
PRJ_00450,WISE ANALYSIS OF PROJECTS RS.150 CRORE AND ABOVE,KOYALI AHMEDNAGAR SOLAPUR PIPELINE - [N16000249,May-16,,,1945,1945,837.26
PRJ_00186,WISE ANALYSIS OF PROJECTS RS.150 CRORE AND ABOVE,RAJGIR HISUA TILAIYA (46KM) INCL. MM NATESHWAR ISLAMPUR - [N22000475,Apr-98,,,528.26,528.26,192.15
PRJ_00828,WISE ANALYSIS OF PROJECTS RS.150 CRORE AND ABOVE,"TRAMISSION SYSTEM FOR SOLAR PARK AT BHADLA RAJISTHAN - [N18000227]PGCIL,RAJASTHAN",Jul-16,,,1429.38,1429.38,994.36
PRJ_00854,WISE ANALYSIS OF PROJECTS RS.150 CRORE AND ABOVE,"NORTH- EAST NORTH WESTERN INTERCONNECTOR I PROJECT - [N18000066]PGCIL,MULTI STATE",Feb-09,,,14719.1,14719.1,12804.3
PRJ_01154,WISE ANALYSIS OF PROJECTS RS.150 CRORE AND ABOVE,"PANIPAT-JALANDHAR 6 LANE(KM 96 TO 387.1 KM) - [N24000133]NHAI,HARYANA",May-09,,,2288,2288,3976.72
PRJ_00032,WISE ANALYSIS OF PROJECTS RS.150 CRORE AND ABOVE,PANIPAT-JALANDHAR 6 LANE(KM 96 TO 387.1 KM) - [N24000133,May-09,,,2288,2288,106.5
PRJ_00179,WISE ANALYSIS OF PROJECTS RS.150 CRORE AND ABOVE,"LUMDING-HOJAI PATCH DOUBLING PROJECT - [N22000211]NFR,ASSAM",Apr-12,,,,,
PRJ_00284,WISE ANALYSIS OF PROJECTS RS.150 CRORE AND ABOVE,"SIX LANING OF SHAMLA JI TO MOTACHILODHA FROM KM 401.200 TO KM 494.410 (LENGTH 93.210 KM) SECTION OF - [N24000801]NHAI,GUJARAT",Feb-18,,,1052.21,1052.21,1080
PRJ_01696,WISE ANALYSIS OF PROJECTS RS.150 CRORE AND ABOVE,"HOSPITAL AND TEACHING- AIIMS KALYANI - [N21000024]HSCC,WEST BENGAL",Apr-18,,,,,
PRJ_00217,WISE ANALYSIS OF PROJECTS RS.150 CRORE AND ABOVE,"NEW B.G. LINE FROM ARARIA TO GALGALIA (THAKURGUNG), NEFR - [N22000087",Sep-06,,,2145,2145,302.54
PRJ_01154,WISE ANALYSIS OF PROJECTS RS.150 CRORE AND ABOVE,"PANIPAT-JALANDHAR 6 LANE(KM 96 TO 387.1 KM) - [N24000133]NHAI,HARYANA",May-09,,,2288,2288,3976.72
PRJ_00032,WISE ANALYSIS OF PROJECTS RS.150 CRORE AND ABOVE,PANIPAT-JALANDHAR 6 LANE(KM 96 TO 387.1 KM),,May-09,May-09,,,
PRJ_00198,WISE ANALYSIS OF PROJECTS RS.150 CRORE AND ABOVE,"LUCKNOW- PILIBHIT VIA SITAPUR, LAKHIMPUR GC",,Apr-11,Apr-11,,,927.01
PRJ_00032,WISE ANALYSIS OF PROJECTS RS.150 CRORE AND ABOVE,PANIPAT-JALANDHAR 6 LANE(KM 96 TO 387.1 KM),,May-09,May-09,,,1108
PRJ_05775,WISE ANALYSIS OF PROJECTS RS.150 CRORE AND ABOVE,PANIPAT-JALANDHAR 6 LANE(KM 96 TO 387.1 KM) - PPP (BOT) - [N24000133 ],May-09,,,2288,2288,106.5
PRJ_08584,Not Specified,TRANSMISSION SYSTEM STRENGTHENING IN WR-NR TRANSMISSION CORRIDOR FOR IPPS IN CHHATTISGARH (POWER GRID CORPORATION OF INDIA LIMITED) - [N18000168],,Mar-18,Mar-18,3269.93,3269.93,
PRJ_07373,"ART, DG, GSI AT -V, SA",SURAT- DAHISAR(SIX LANE) KM 263 TO KM 502 PPP (BOT)(NATIONAL HIGHWAYS AUTHORITY OF INDIA) - [N24000131],,Aug-11,Aug-11,2848.49,2848.49,
PRJ_07590,"CUSTOMS AT -9, DWARKA",SIX / FOUR LANING OF NH 5 (NEW NH 16) FROM PUINTOLA TO TANGI (KM. 284.000 TO KM. 355.000) EPC(NATIONAL HIGHWAYS AUTHORITY OF INDIA) - [N24000845],,Dec-20,Dec-20,415.11,415.11,
PRJ_08274,Not Specified,AGRA-ETAWAH VIA FATEHABAD AND BAH (NL) NCR (NORTH CENTRAL RAILWAY) - [220100243],,Dec-09,Dec-09,455.39,455.39,
PRJ_00726,WISE ANALYSIS OF PROJECTS RS.150 CRORE AND ABOVE,"SHANTIKHANI LONGWALL PROJ-SCCL - [N06000017]SCCL,TELANGANA ,",Oct-06,,,448.86,448.86,296.17
PRJ_05621,WISE ANALYSIS OF PROJECTS RS.150 CRORE AND ABOVE,"LOPMENT OF ADVANCED ULTRA SUPER CRITICAL TECHNOLOGIES IN THERMAL POWER PLANTS IN INDIA - [N20000002]BHEL,DELHI , CENTRAL SECTOR PROJECTS",Aug-16,,,1554,1554,665.35
PRJ_00768,WISE ANALYSIS OF PROJECTS RS.150 CRORE AND ABOVE,"RESIDENTIAL COMPLEX AND OPD BLOCK AIIMS- MNAGLAGIRI GUNTUR ANDHRA PRADESH - [N21000017]HSCC,ANDHRA PRADESH , CENTRAL SECTOR PROJECTS",Aug-17,,,272.54,272.54,191.86
PRJ_05622,WISE ANALYSIS OF PROJECTS RS.150 CRORE AND ABOVE,"HOSPITAL AND TEACHING- AIIMS GUNTUR - [N21000020]HSCC,ANDHRA PRADESH , CENTRAL SECTOR PROJECTS",Mar-18,,,601.02,601.02,169.38
PRJ_00764,WISE ANALYSIS OF PROJECTS RS.150 CRORE AND ABOVE,"ALL INDIA INSTITUTE OF MEDICAL SCIENCE AT GUWAHATI ASSAM - [N21000027]HITES,ASSAM ,",May-17,,,747.8,747.8,110.7
PRJ_00758,WISE ANALYSIS OF PROJECTS RS.150 CRORE AND ABOVE,"LHMC NEW DELHI-RE-DEVELOPMENT - [N21000003]HSCC,DELHI ,",Feb-13,,,499.23,499.23,302.02
PRJ_00761,WISE ANALYSIS OF PROJECTS RS.150 CRORE AND ABOVE,"AIIMS - MOTHER AND CHILD BLOCK - [N21000008]HSCC,DELHI ,",Dec-13,,,270,270,204.7
PRJ_00760,WISE ANALYSIS OF PROJECTS RS.150 CRORE AND ABOVE,"AIIMS - OPD(NEW) - [N21000009]HSCC,DELHI ,",Aug-14,,,325,325,297.16
PRJ_05623,WISE ANALYSIS OF PROJECTS RS.150 CRORE AND ABOVE,"SUPER SPECIALITY BLOCK PMSSY GOA - [N21000022]HSCC,GOA , CENTRAL SECTOR PROJECTS",Jan-18,,,249.01,249.01,126.78
PRJ_01332,WISE ANALYSIS OF PROJECTS RS.150 CRORE AND ABOVE,"CONSTRUCTION OF HOSPITAL AND OPD BLOCK NCI JHAJJAR - [N21000011]HSCC,HARYANA ,",Sep-14,,,585,585,586.96
PRJ_05624,WISE ANALYSIS OF PROJECTS RS.150 CRORE AND ABOVE,"AIIMS BILASPUR - [N21000028]NBCC,HIMACHAL PRADESH ,",Apr-18,,,1351,1351,245.85
PRJ_05626,WISE ANALYSIS OF PROJECTS RS.150 CRORE AND ABOVE,"RESIDENTIAL COMPLEX AND OPD BLOCK AIIMS NAGPUR MAHARASTRA - [N21000016]HSCC,MAHARASHTRA , CENTRAL SECTOR PROJECTS",Aug-17,,,274.19,274.19,241.58
PRJ_05627,WISE ANALYSIS OF PROJECTS RS.150 CRORE AND ABOVE,"HOSPITAL AND TEACHING- AIIMS NAGPUR - [N21000023]HSCC,MAHARASHTRA , CENTRAL SECTOR PROJECTS",Mar-18,,,582.99,582.99,211.2
PRJ_00765,WISE ANALYSIS OF PROJECTS RS.150 CRORE AND ABOVE,"NEIGRIHMS SHILLONG MEGHALYA - [N21000013]HSCC,MEGHALAYA ,",Oct-16,,,363.99,363.99,208.29
PRJ_00769,WISE ANALYSIS OF PROJECTS RS.150 CRORE AND ABOVE,"SATELLITE CENTRE PGI CHANDIGARH SANGRUR PUNJAB - [N21000012]HSCC,PUNJAB ,",Jul-16,,,177.92,177.92,139.7
PRJ_00762,WISE ANALYSIS OF PROJECTS RS.150 CRORE AND ABOVE,"ALL INDIA INSTITUTE OF MEDICAL SCIENCE AT BATHINDA PUNJAB - [N21000026]HITES,PUNJAB ,",Jul-16,,,557.48,557.48,283.12
PRJ_05628,WISE ANALYSIS OF PROJECTS RS.150 CRORE AND ABOVE,"HOSPITAL AND MEDICAL COLLEGE AIIMS RAEBARELI - [N21000021]HSCC,UTTAR PRADESH , CENTRAL SECTOR PROJECTS",Mar-18,,,268.84,268.84,157.76
PRJ_00759,WISE ANALYSIS OF PROJECTS RS.150 CRORE AND ABOVE,"ALL INDIA INSTITUTE OF MEDICAL SCIENCE AT GORAKHPUR (U.P.) - [N21000025]HITES,UTTAR PRADESH ,",Jul-16,,,715.06,715.06,345.41
PRJ_02603,WISE ANALYSIS OF PROJECTS RS.150 CRORE AND ABOVE,"CONSTRUCTION OF HOSPITAL BLOCK IIT KHARAGPUR - [N21000010]HSCC,WEST BENGAL ,",Dec-14,,,191.2,191.2,169.51
PRJ_00316,WISE ANALYSIS OF PROJECTS RS.150 CRORE AND ABOVE,4 LANING OF KASHIPUR-SITARGANJ SECTION KM. 175.000 TO KM. 252.20 - [N24000638,Nov-12,,,722.46,722.46,723.95
PRJ_00172,WISE ANALYSIS OF PROJECTS RS.150 CRORE AND ABOVE,"JAYANAGAR-DARBHANGA-NARKATIA GANJ(GC),ECR - [220100240",Apr-97,,,1050,1050,1043.03
PRJ_00894,WISE ANALYSIS OF PROJECTS RS.150 CRORE AND ABOVE,"KALINARAYANPUR- KRISHNANAGAR DOUBLING ALONGWITH KRISHNANAGAR - CHAPRA NEW LINE AND NAIHATI-RANAGHAT 3 - [N22000224]ER,MULTI STATE",Apr-01,,,995.1,995.1,501
PRJ_01154,WISE ANALYSIS OF PROJECTS RS.150 CRORE AND ABOVE,"PANIPAT-JALANDHAR 6 LANE(KM 96 TO 387.1 KM) - [N24000133]NHAI,HARYANA",May-09,,,2967.5,2967.5,3990.72
PRJ_00032,WISE ANALYSIS OF PROJECTS RS.150 CRORE AND ABOVE,PANIPAT-JALANDHAR 6 LANE(KM 96 TO 387.1 KM) - [N24000133,May-09,,,2967.5,2967.5,3990.72
PRJ_01376,WISE ANALYSIS OF PROJECTS RS.150 CRORE AND ABOVE,"GANDHINAGAR REDEVELOPMENT OF STATION ALOGWITH CONSTRUCTION OF 300 ROOMS HOTEL ON AIR SPACE OF STATIO - [N22000433]WR,GUJARAT",Mar-17,,,,,
PRJ_01823,WISE ANALYSIS OF PROJECTS RS.150 CRORE AND ABOVE,"SIX LANNING OF KISHANGARH UDAIPUR AHMEDABAD SECTION FROM KM.90.000 (NEAR GULABPURA) TO KM. 214.870 ( - [N24000621]NHAI,RAJASTHAN",Sep-16,,,1239.82,1239.82,1363.85
PRJ_00766,WISE ANALYSIS OF PROJECTS RS.150 CRORE AND ABOVE,"CNCI KOLKATA WEST BENGAL - [N21000015]HSCC,WEST BENGAL",Aug-16,,,,,
PRJ_05705,WISE ANALYSIS OF PROJECTS RS.150 CRORE AND ABOVE,GEVRA ROAD PENDRA ROAD - [N22000488,Feb-14,,,4970.11,4970.11,117.23
PRJ_01154,WISE ANALYSIS OF PROJECTS RS.150 CRORE AND ABOVE,"PANIPAT-JALANDHAR 6 LANE(KM 96 TO 387.1 KM) - [N24000133]NHAI,HARYANA",May-09,,,2967.5,2967.5,3990.72
PRJ_00032,WISE ANALYSIS OF PROJECTS RS.150 CRORE AND ABOVE,PANIPAT-JALANDHAR 6 LANE(KM 96 TO 387.1 KM),,May-09,May-09,,,
PRJ_01979,WISE ANALYSIS OF PROJECTS RS.150 CRORE AND ABOVE,MADURAI - MANIYACHI - TUTICORIN (160 KM) DOUBLING,,Feb-15,Feb-15,,,1182.31
PRJ_00032,WISE ANALYSIS OF PROJECTS RS.150 CRORE AND ABOVE,PANIPAT-JALANDHAR 6 LANE(KM 96 TO 387.1 KM),,May-09,May-09,,,1108
PRJ_05775,WISE ANALYSIS OF PROJECTS RS.150 CRORE AND ABOVE,PANIPAT-JALANDHAR 6 LANE(KM 96 TO 387.1 KM) - PPP (BOT) - [N24000133 ],May-09,,,2967.5,2967.5,167.82
PRJ_08584,Not Specified,TRANSMISSION SYSTEM STRENGTHENING IN WR-NR TRANSMISSION CORRIDOR FOR IPPS IN CHHATTISGARH (POWER GRID CORPORATION OF INDIA LIMITED) - [N18000168],,Mar-18,Mar-18,3269.93,3269.93,
PRJ_07373,Not Specified,SURAT- DAHISAR(SIX LANE) KM 263 TO KM 502 PPP (BOT)(NATIONAL HIGHWAYS AUTHORITY OF INDIA) - [N24000131],,Aug-11,Aug-11,2848.49,2848.49,
PRJ_07590,"AND CUSTOMS AT -9, DWARKA",SIX / FOUR LANING OF NH 5 (NEW NH 16) FROM PUINTOLA TO TANGI (KM. 284.000 TO KM. 355.000) EPC(NATIONAL HIGHWAYS AUTHORITY OF INDIA) - [N24000845],,Dec-20,Dec-20,415.11,415.11,
PRJ_08274,Not Specified,AGRA-ETAWAH VIA FATEHABAD AND BAH (NL) NCR (NORTH CENTRAL RAILWAY) - [220100243],,Dec-09,Dec-09,455.39,455.39,
PRJ_00726,WISE ANALYSIS OF PROJECTS RS.150 CRORE AND ABOVE,"SHANTIKHANI LONGWALL PROJ-SCCL - [N06000017]SCCL,TELANGANA ,",Oct-06,,,448.86,448.86,286.19
PRJ_00914,WISE ANALYSIS OF PROJECTS RS.150 CRORE AND ABOVE,"RAMPUR DUMRA - TAL - RAJENDRAPUL DOUBLING INCLUDING GANGA BRIDGE - [N22000350]ECR,BIHAR ,",Dec-15,,,1491.47,1491.47,443.64
PRJ_00171,WISE ANALYSIS OF PROJECTS RS.150 CRORE AND ABOVE,"MUZAFFARPUR-SITAMARHI NEW LINE - [N22000374]ECR,BIHAR ,",Jan-91,,,546.71,546.71,541.07
PRJ_00186,WISE ANALYSIS OF PROJECTS RS.150 CRORE AND ABOVE,"RAJGIR HISUA TILAIYA (46KM) INCL. MM NATESHWAR ISLAMPUR - [N22000475]ECR,BIHAR ,",Apr-98,,,726.31,726.31,509.08
PRJ_00201,WISE ANALYSIS OF PROJECTS RS.150 CRORE AND ABOVE,"FATUHA-ISLAMPUR INCL. MM FOR EXTENSION OF NEW LINE FORM BIHARSHARIF-BARBIGHA DANIYAWAN-BIHARSHARIF - [N22000476]ECR,BIHAR ,",Apr-91,,,1483.14,1483.14,1038.26
PRJ_00898,WISE ANALYSIS OF PROJECTS RS.150 CRORE AND ABOVE,"KIRANDUL - JAGDALPUR DOUBLING - [N22000318]ECOR,CHHATISGARH ,",Dec-12,,,1160.83,1160.83,699.4
PRJ_02568,WISE ANALYSIS OF PROJECTS RS.150 CRORE AND ABOVE,"RAIPUR - TITLAGARH - DOUBLING - [N22000411]RVNL,CHHATISGARH ,",Mar-07,,,1100,1100,1067.16
PRJ_01360,WISE ANALYSIS OF PROJECTS RS.150 CRORE AND ABOVE,"MULTI MODAL LOGISTICS PARK AT NAYA RAIPUR - [N22000425]CCOI,CHHATISGARH ,",May-14,,,207,207,153.83
PRJ_02620,WISE ANALYSIS OF PROJECTS RS.150 CRORE AND ABOVE,"CHAMPA-JHARSUGUDA 3RD LINE - [N22000483]SECR,CHHATISGARH ,",Apr-08,,,1226.51,1226.51,1044.67
PRJ_00949,WISE ANALYSIS OF PROJECTS RS.150 CRORE AND ABOVE,"JHARSUGUDA-BILASPUR 4TH LINE - [N22000484]SECR,CHHATISGARH ,",Apr-15,,,1973.66,1973.66,139.42
PRJ_00904,WISE ANALYSIS OF PROJECTS RS.150 CRORE AND ABOVE,"GEVRA ROAD PENDRA ROAD - [N22000488]IRCON,CHHATISGARH ,",Feb-14,,,4970.11,4970.11,628.61
PRJ_00884,WISE ANALYSIS OF PROJECTS RS.150 CRORE AND ABOVE,"KHARSIA DHARAMJAIGARH WITH SPUR LINE EAST CORRIDOR-PHASE I - [N22000489]IRCON,CHHATISGARH ,",Apr-13,,,3055,3055,1951.07
PRJ_02625,WISE ANALYSIS OF PROJECTS RS.150 CRORE AND ABOVE,"CONSTRUCTION OF 3RD LINE BETWEEN PENDRA ROAD AND ANUPPUR (50.1 KM) IN BILASPUR DIVISION OF SEC RAILW - [N22000498]RITES,CHHATISGARH ,",Feb-16,,,393.98,393.98,276.55
PRJ_01700,WISE ANALYSIS OF PROJECTS RS.150 CRORE AND ABOVE,"GRADE SEPERATOR AT DAYABASTI - [N22000269]NR,DELHI ,",Apr-99,,,197.17,197.17,107.86
PRJ_00224,WISE ANALYSIS OF PROJECTS RS.150 CRORE AND ABOVE,"AHMEDABAD-HIMMATNAGAR-UDAIPUR (WR) - [N22000121]WR,GUJARAT ,",Apr-08,,,1310.23,1310.23,1394.73
PRJ_00956,WISE ANALYSIS OF PROJECTS RS.150 CRORE AND ABOVE,"BHUJ-NALIYA(GC) WITH EXTENSION FROM NALIYA TO VAYOR (WR) - [N22000123]WR,GUJARAT ,",Apr-08,,,321.62,321.62,125.76
PRJ_00174,WISE ANALYSIS OF PROJECTS RS.150 CRORE AND ABOVE,"BHAVNAGAR-WORKSHOP FACILITIES FOR 50 BG COACHES POH PER MONTH (WR) - [N22000125]WR,GUJARAT ,",Apr-06,,,202.35,202.35,809.4
PRJ_05630,WISE ANALYSIS OF PROJECTS RS.150 CRORE AND ABOVE,"AHMEDABAD-BOTAD (GC) - [N22000140]RVNL,GUJARAT ,",Apr-12,,,1082.32,1082.32,1032.17
PRJ_05631,WISE ANALYSIS OF PROJECTS RS.150 CRORE AND ABOVE,"DHASA-JETALSAR (GC) - [N22000141]RVNL,GUJARAT ,",Apr-12,,,644.38,644.38,385.95
PRJ_01755,WISE ANALYSIS OF PROJECTS RS.150 CRORE AND ABOVE,"MIYAGAM-KARJAN-DABHOI-SAMLAYA (GC) - [N22000142]WR,GUJARAT ,",Apr-11,,,844.1,844.1,104.71
PRJ_00283,WISE ANALYSIS OF PROJECTS RS.150 CRORE AND ABOVE,SIX-LANING OF BARWA ADDA-PANAGARH - [N24000515,Apr-14,,,1665,1665,4357.89
PRJ_00852,WISE ANALYSIS OF PROJECTS RS.150 CRORE AND ABOVE,"STRENGTHENING OF TRANSMISSION SYSTEM BEYOND VEMAGIRI - [N18000257]PGCIL,MULTI STATE",Dec-15,,,3654,3654,3475
PRJ_00894,WISE ANALYSIS OF PROJECTS RS.150 CRORE AND ABOVE,"KALINARAYANPUR- KRISHNANAGAR DOUBLING ALONGWITH KRISHNANAGAR - CHAPRA NEW LINE AND NAIHATI-RANAGHAT 3 - [N22000224]ER,MULTI STATE",Apr-01,,,995.1,995.1,478.51
PRJ_01154,WISE ANALYSIS OF PROJECTS RS.150 CRORE AND ABOVE,"PANIPAT-JALANDHAR 6 LANE(KM 96 TO 387.1 KM) - [N24000133]NHAI,HARYANA",May-09,,,2967.5,2967.5,3990.72
PRJ_00220,WISE ANALYSIS OF PROJECTS RS.150 CRORE AND ABOVE,JIRIBAM TO IMPHAL (TUPUI)(NL)(NEFR) - [220100288,Apr-03,,,12524,12524,9385.93
PRJ_00032,WISE ANALYSIS OF PROJECTS RS.150 CRORE AND ABOVE,PANIPAT-JALANDHAR 6 LANE(KM 96 TO 387.1 KM) - [N24000133,May-09,,,2967.5,2967.5,3990.72
PRJ_01395,WISE ANALYSIS OF PROJECTS RS.150 CRORE AND ABOVE,"MUMBAI CENTRAL VIRAR VADODARA AHMEDABAAD TRAIN PROTECTION SYSTEM 500 RKM - [N22000434]WR,MAHARASHTRA",Mar-10,,,,,
PRJ_01865,WISE ANALYSIS OF PROJECTS RS.150 CRORE AND ABOVE,"REHABILITATION AND UP-GRADATION FROM 2 LANE WITH PAVED SHOULDER FOR BHIWANI-MUNDAL-JIND ROAD FROM DE - [N24000836]NHAI,HARYANA",Mar-18,,,275.12,275.12,125.79
PRJ_00841,WISE ANALYSIS OF PROJECTS RS.150 CRORE AND ABOVE,"NORTH EASTERN REGION POWER SYSTEM IMPROVEMENT PROJECT (NERPSIP) FOR SIX (6) STATES - [N18000250]PGCIL,MULTI STATE",Dec-14,,,,,
PRJ_01154,WISE ANALYSIS OF PROJECTS RS.150 CRORE AND ABOVE,"PANIPAT-JALANDHAR 6 LANE(KM 96 TO 387.1 KM) - [N24000133]NHAI,HARYANA",May-09,,,2967.5,2967.5,3990.72
PRJ_00032,WISE ANALYSIS OF PROJECTS RS.150 CRORE AND ABOVE,PANIPAT-JALANDHAR 6 LANE(KM 96 TO 387.1 KM),,May-09,May-09,,,
PRJ_00184,WISE ANALYSIS OF PROJECTS RS.150 CRORE AND ABOVE,THIRUMAILA - VELACHERY : MASS RAPID TRANSIT SYSTEM (PHASE II),,Feb-96,Feb-96,,,268.87
PRJ_00032,WISE ANALYSIS OF PROJECTS RS.150 CRORE AND ABOVE,PANIPAT-JALANDHAR 6 LANE(KM 96 TO 387.1 KM),,May-09,May-09,,,1108
PRJ_05775,WISE ANALYSIS OF PROJECTS RS.150 CRORE AND ABOVE,PANIPAT-JALANDHAR 6 LANE(KM 96 TO 387.1 KM) - PPP (BOT) - [N24000133 ],May-09,,,2967.5,2967.5,167.82
PRJ_07373,"OF INDIRECT TAXES AND CUSTOMS AT -9, DWARKA",SURAT- DAHISAR(SIX LANE) KM 263 TO KM 502 PPP (BOT)(NATIONAL HIGHWAYS AUTHORITY OF INDIA) - [N24000131],,Aug-11,Aug-11,2848.49,2848.49,
PRJ_07590,"CUSTOMS AT -9, DWARKA",SIX / FOUR LANING OF NH 5 (NEW NH 16) FROM PUINTOLA TO TANGI (KM. 284.000 TO KM. 355.000) EPC(NATIONAL HIGHWAYS AUTHORITY OF INDIA) - [N24000845],,Dec-20,Dec-20,415.11,415.11,
PRJ_02174,Not Specified,4-LANING OF BRAHAMPORE-FARAKA,Feb-11,Aug-13,Aug-13,,,
PRJ_08584,Not Specified,TRANSMISSION SYSTEM STRENGTHENING IN WR-NR TRANSMISSION CORRIDOR FOR IPPS IN CHHATTISGARH (POWER GRID CORPORATION OF INDIA LIMITED) - [N18000168],,Mar-18,Mar-18,3269.93,3269.93,
PRJ_08274,Not Specified,AGRA-ETAWAH VIA FATEHABAD AND BAH (NL) NCR (NORTH CENTRAL RAILWAY) - [220100243],,Dec-09,Dec-09,455.39,455.39,
PRJ_00726,WISE ANALYSIS OF PROJECTS RS.150 CRORE AND ABOVE,"SHANTIKHANI LONGWALL PROJ-SCCL - [N06000017]SCCL,TELANGANA ,",Oct-06,,,448.86,448.86,286.19
PRJ_08358,WISE ANALYSIS OF PROJECTS RS.150 CRORE AND ABOVE,"FILM AND TELEVISION INSTITUTE ARUNACHAL PRADESH - [N09000002]CPWD,ANDHRA PRADESH ,",Nov-16,,,204.32,204.32,
PRJ_08360,WISE ANALYSIS OF PROJECTS RS.150 CRORE AND ABOVE,"NATIONAL CENTRE OF EXCELLENCE FOR ANIMATION VISUAL EFFECTS GAMING AND COMICS - [N09000003]NBCC,MAHARASHTRA ,",Dec-16,,,167.7,167.7,
PRJ_00411,WISE ANALYSIS OF PROJECTS RS.150 CRORE AND ABOVE,"5TH STREAM ALUMINA REFINERY EXPANSION PROJECT - [N10000010]NALCO,ODISHA ,",Dec-14,,,5540,5540,107.45
PRJ_02607,WISE ANALYSIS OF PROJECTS RS.150 CRORE AND ABOVE,"UTKAL D AND E COAL BLOCK - [N10000011]NALCO,ODISHA ,",May-16,,,534,534,319.23
PRJ_05587,WISE ANALYSIS OF PROJECTS RS.150 CRORE AND ABOVE,"SOURCING OF BAUXITE ARRANGEMENT FOR 5TH STREAM ALUMINA REFINERY FROM SOUTH BLOCK MINING LEASE OF PAN - [N10000013]NALCO,ODISHA , CENTRAL SECTOR PROJECTS",Nov-17,,,483,483,
PRJ_02547,WISE ANALYSIS OF PROJECTS RS.150 CRORE AND ABOVE,"25.5 MW WIND POWER PROJECT AT KAYATHAR IN TAMILNADU - [N10000014]NALCO,TAMIL NADU ,",Sep-17,,,166.62,166.62,134.98
PRJ_01279,WISE ANALYSIS OF PROJECTS RS.150 CRORE AND ABOVE,"COKE OVEN BATTERY-5 - [N12000117]RINL,ANDHRA PRADESH ,",Dec-11,,,2500,2500,1400.76
PRJ_01276,WISE ANALYSIS OF PROJECTS RS.150 CRORE AND ABOVE,"CENTRAL DISPATCH YARD - [N12000119]RINL,ANDHRA PRADESH ,",Aug-15,,,320.66,320.66,220.91
PRJ_01277,WISE ANALYSIS OF PROJECTS RS.150 CRORE AND ABOVE,"NMDC INTEGRATED STEEL PLANT - [N12000086]NMDC,CHHATISGARH ,",Jan-10,,,23140,23140,16064.29
PRJ_01280,WISE ANALYSIS OF PROJECTS RS.150 CRORE AND ABOVE,"NEW SINTER PLANT AT BOKARO STEEL PLANT - [N12000095]SAIL,JHARKHAND ,",Mar-15,,,1034.01,1034.01,436.08
PRJ_01282,WISE ANALYSIS OF PROJECTS RS.150 CRORE AND ABOVE,"MODERNISATION OF STEEL MELTING SHOP NO.1 AT BOKARO STEEL PLANT - [N12000096]SAIL,JHARKHAND ,",May-15,,,1154.18,1154.18,963.95
PRJ_01273,WISE ANALYSIS OF PROJECTS RS.150 CRORE AND ABOVE,"REBUILDING OF COKE OVEN BATTERY NO-8 AT BSL - [N12000118]SAIL,JHARKHAND ,",Nov-16,,,262.87,262.87,104.85
PRJ_01278,WISE ANALYSIS OF PROJECTS RS.150 CRORE AND ABOVE,"INSTALLATION OF NEW HOT STRIP MILL AT RSP - [N12000094]SAIL,ODISHA ,",Apr-15,,,3127.3,3127.3,3031.06
PRJ_01275,WISE ANALYSIS OF PROJECTS RS.150 CRORE AND ABOVE,"FORGED WHEEL PLANT - [N12000116]RINL,UTTAR PRADESH ,",Apr-14,,,1682.85,1682.85,1227.53
PRJ_00856,WISE ANALYSIS OF PROJECTS RS.150 CRORE AND ABOVE,"TRANSMISSION SYSTEM FOR ULTRA MEGA SOLAR POWER PARK AT BANASKANTHA (RADHANESDA) GUJARAT - [N18000261]PGCIL,GUJARAT , CENTRAL SECTOR PROJECTS",May-17,,,175.64,175.64,100
PRJ_00239,WISE ANALYSIS OF PROJECTS RS.150 CRORE AND ABOVE,MUZAFFARNAGAR-HARIDWAR - [N24000201,Sep-11,,,754,754,1364.18
PRJ_00200,WISE ANALYSIS OF PROJECTS RS.150 CRORE AND ABOVE,SAKRI-HASANPUR ROAD (NL) - [N22000171,Apr-99,,,735.2,735.2,126.22
PRJ_00894,WISE ANALYSIS OF PROJECTS RS.150 CRORE AND ABOVE,"KALINARAYANPUR- KRISHNANAGAR DOUBLING ALONGWITH KRISHNANAGAR - CHAPRA NEW LINE AND NAIHATI-RANAGHAT 3 - [N22000224]ER,MULTI STATE",Apr-01,,,995.1,995.1,448.78
PRJ_01154,WISE ANALYSIS OF PROJECTS RS.150 CRORE AND ABOVE,"PANIPAT-JALANDHAR 6 LANE(KM 96 TO 387.1 KM) - [N24000133]NHAI,HARYANA",May-09,,,2967.5,2967.5,3986.72
PRJ_00032,WISE ANALYSIS OF PROJECTS RS.150 CRORE AND ABOVE,PANIPAT-JALANDHAR 6 LANE(KM 96 TO 387.1 KM) - [N24000133,May-09,,,2967.5,2967.5,167.82
PRJ_01363,WISE ANALYSIS OF PROJECTS RS.150 CRORE AND ABOVE,"VIRAR SURAT ROAD OVER BRIDGE IN LIEU OF LEVEL CROSSING NOS 42 46A 48 52 55 102 106 108 130 AND 137 A - [N22000435]WR,MAHARASHTRA",Mar-12,,,,,
PRJ_01808,WISE ANALYSIS OF PROJECTS RS.150 CRORE AND ABOVE,"4-LANNING OF CHUTMALPUR-GANESHPUR SECTION OF NH-72A FROM KM 0.000 (KM 22.825 OF MH-73) TO KM 17.900 - [N24000562]NHAI,UTTARAKHAND",Mar-16,,,1443,1443,1246.85
PRJ_00841,WISE ANALYSIS OF PROJECTS RS.150 CRORE AND ABOVE,"NORTH EASTERN REGION POWER SYSTEM IMPROVEMENT PROJECT (NERPSIP) FOR SIX (6) STATES - [N18000250]PGCIL,MULTI STATE",Dec-14,,,,,
PRJ_00459,WISE ANALYSIS OF PROJECTS RS.150 CRORE AND ABOVE,DHAMRA-ANGUL PIPELINE PROJECT - [N16000272,Mar-17,,,1933,1933,1035.77
PRJ_01154,WISE ANALYSIS OF PROJECTS RS.150 CRORE AND ABOVE,"PANIPAT-JALANDHAR 6 LANE(KM 96 TO 387.1 KM) - [N24000133]NHAI,HARYANA",May-09,,,2967.5,2967.5,3986.72
PRJ_00032,WISE ANALYSIS OF PROJECTS RS.150 CRORE AND ABOVE,PANIPAT-JALANDHAR 6 LANE(KM 96 TO 387.1 KM),,May-09,May-09,,,
PRJ_02322,WISE ANALYSIS OF PROJECTS RS.150 CRORE AND ABOVE,WESTERN DEDICATED FREIGHT CORRIDOR,,Nov-07,Nov-07,,,
PRJ_00032,WISE ANALYSIS OF PROJECTS RS.150 CRORE AND ABOVE,PANIPAT-JALANDHAR 6 LANE(KM 96 TO 387.1 KM),,May-09,May-09,,,1108
PRJ_05775,WISE ANALYSIS OF PROJECTS RS.150 CRORE AND ABOVE,PANIPAT-JALANDHAR 6 LANE(KM 96 TO 387.1 KM) - PPP (BOT) - [N24000133 ],May-09,,,2967.5,2967.5,167.82
PRJ_00084,Not Specified,CIVIL AVIATION,,,,,,417.23
PRJ_02850,Not Specified,DEPARTMENT OF HIGHER EDUCATION,,,,,,496.18
PRJ_02850,Not Specified,DEPARTMENT OF HIGHER EDUCATION,,,,,,808.62
PRJ_00084,Not Specified,CIVIL AVIATION,,,,,,303.8
PRJ_02851,Not Specified,HOME AFFAIRS,,,,,,1219.21
PRJ_00102,Not Specified,SECTOR,,,,,,
PRJ_02850,Not Specified,DEPARTMENT OF HIGHER EDUCATION,,,,,,676
PRJ_00092,Not Specified,HEALTH AND FAMILY WELFARE,,,,,,1404
PRJ_00093,Not Specified,RAILWAYS,,,,,,2500
PRJ_00084,Not Specified,CIVIL AVIATION,,,,,,412.24
PRJ_02850,Not Specified,DEPARTMENT OF HIGHER EDUCATION,,,,,,223.37
PRJ_05501,Not Specified,TELECOMMUNI CATIONS,,,,,,239.6
PRJ_02852,Not Specified,FINANCE,,,,,,348.77
PRJ_00084,Not Specified,CIVIL AVIATION,,,,,,353.61
PRJ_00098,Not Specified,WATER RESOURCES,,,,,,767.59
PRJ_00084,Not Specified,CIVIL AVIATION,,,,,,456.86
PRJ_00098,Not Specified,WATER RESOURCES,,,,,,158
PRJ_00084,Not Specified,CIVIL AVIATION,,,,,,458
PRJ_00084,Not Specified,CIVIL AVIATION,,,,,,417.23
PRJ_00084,Not Specified,CIVIL AVIATION,,,,,,177.1
PRJ_14975,Not Specified,DEPARTMENT OF,,,,,,496.18
PRJ_00084,Not Specified,CIVIL AVIATION,,,,,,303.8
PRJ_14974,Not Specified,ROAD TRANSPORT AND,,,,,,936.4
PRJ_00083,Not Specified,ATOMIC ENERGY,,,,,,
PRJ_14974,Not Specified,ROAD TRANSPORT AND,,,,,,998.18
PRJ_14974,Not Specified,ROAD TRANSPORT AND,,,,,,1484.3
PRJ_00102,Not Specified,SECTOR,,,,,,
PRJ_14975,Not Specified,DEPARTMENT OF,,,,,,885.26
PRJ_14974,Not Specified,ROAD TRANSPORT AND,,,,,,1124.11
PRJ_00097,Not Specified,URBAN DEVELOPMENT,,,,,,5181.79
PRJ_00084,Not Specified,CIVIL AVIATION,,,,,,412.24
PRJ_14975,Not Specified,DEPARTMENT OF,,,,,,223.37
PRJ_14974,Not Specified,ROAD TRANSPORT AND,,,,,,929.32
PRJ_02852,Not Specified,FINANCE,,,,,,348.77
PRJ_00097,Not Specified,URBAN DEVELOPMENT,,,,,,17619.68
PRJ_00084,Not Specified,CIVIL AVIATION,,,,,,353.61
PRJ_00090,Not Specified,POWER,,,,,,10598.98
PRJ_00098,Not Specified,WATER RESOURCES,,,,,,104.53
PRJ_00084,Not Specified,CIVIL AVIATION,,,,,,246.64
PRJ_14974,Not Specified,ROAD TRANSPORT AND,,,,,,1414.01
PRJ_04616,Not Specified,TWO- LANE WITH PAVED SHOULDER CONFIGURATION OF IMPHAL - MOREH SECTION OF NH-39 FROM KM 330 TO KM 350 (NHIDCL) (N24001333),Sep-19,May-23,May-23,761.54,761.54,430.31
PRJ_01545,Not Specified,FOUR LANING OF BALACHERA- HARANGAJAO SECTION OF NH-54 (EXT) FROM KM 275.00 TO KM 244.000 IN THE STATE (NHIDCL) (N24000902),Oct-17,Jun-20,Apr-24,818,887.68,873.28
PRJ_05276,Not Specified,MARIAM - PEREN PKG-2B (NHIDCL) (N24001351),Feb-21,Sep-24,Dec-22,232.26,232.26,156.93
PRJ_04150,Not Specified,CONSTRUCTION OF TWO LANE WITH PAVED SHOULDER OF SELLING-DULTE SECTION OF NH-06 (PKG-IV) (NHIDCL) (N24001283),Mar-20,Jul-22,Jan-24,281.78,253.41,237.91
PRJ_04354,Not Specified,2-LANING OF CHANGTONGYA TO LONGLENG ROAD OF NH-702 (PKG-I) (NHIDCL) (N24001286),Mar-20,Jun-22,Jun-23,278.95,278.95,166.29
PRJ_03882,Not Specified,2 LANING OF KOHIMA - JESSAMI SECTION (PACKAGE I) (NHIDCL) (N24001280),Mar-20,Jun-22,Sep-23,320.97,320.97,182.21
PRJ_02484,Not Specified,CONSTRUCTION OF 2 LANE WITH PAVED SHOULDER FROM KM. 168 TO 183.783 (YESEMYONG TO UNGER) ON MOKOKCHUN (MORTH) (N24001179),Mar-17,Nov-20,Feb-23,217.35,217.35,214.18
PRJ_02482,Not Specified,WIDENING OF EXISTING SINGLE/INTERMEDIATE LANE ROAD TO 2 LANE ROAD FROM KM. 83.00 TO KM 101.00 ON NH- (MORTH) (N24001180),Mar-19,Dec-22,Jan-23,237.51,237.51,201.2
PRJ_00084,Not Specified,CIVIL AVIATION,,,,,,417.23
PRJ_00628,Not Specified,RECONSTRUCTION WITH GEOMETRIC IMPROVEMENT OF EXISTING 2 LANE/INTERMEDIATE LANE TO 2LANE WITH PAVED S (MORTH) (N24000821),Nov-17,Nov-19,Nov-19,257.34,238,214.9
PRJ_04296,Not Specified,EXT AND STR. OF EXISTING RUNWAY 08/26 AT TIRUPATI AIRPORT (AAI) (N04000089),Aug-17,Feb-20,Jan-24,177.1,177.1,143.08
PRJ_02141,Not Specified,REHABILITATION AND UPGRADATION OF NH- 219 FROM KM 58-600 TO KM 140-750 IN THE STATE OF ANDHRA PRADES (MORTH) (N24000301),Mar-15,Oct-15,May-21,271.45,271.45,238.23
PRJ_04323,Not Specified,REHABILITATION AND UPGRADATION OF NH- 42 FROM KM 4-350 TO KM 75-600 (MORTH) (N24000422),Mar-15,Sep-15,May-18,309.01,309.01,0
PRJ_01226,Not Specified,FOUR LANING OF 5.122 KM OF NH9(NEW NH 65) FROM KM 269.900(DESIGN CH0.0) TO KM 275/622(DESIGN CH 5.12 (MORTH),Oct-15,Dec-15,Jan-21,333.21,353.43,342.71
PRJ_01481,Not Specified,(N24000928) REHABILITATION AND UPGRADATION OF NH219(NEW NH42) FROM KM 244.930 TO 299.775 (MADANAPALLI PUNGANURU (MORTH) (N24000929),Sep-16,Feb-17,Feb-22,372.68,309.37,274.76
PRJ_02253,Not Specified,REHABILITATION AND UPGRADATION OF NH- 340 FROM KM 0/0 TO KM 60/380 (DESIGN CH. 0/000 TO 60/025 EXCLUD (MORTH) (N24000932),Jan-17,Aug-17,Jul-22,319.28,319.28,241.94
PRJ_01246,Not Specified,REHABILITATION AND UPGRADATION OF NH565 FROM EXISTING KM 361.330(DORNALA T JUNCTION) TO KM 420.800(P (MORTH) (N24000963),Jan-18,Aug-18,Dec-21,418.03,386.99,365.55
PRJ_01545,Not Specified,FOUR LANING OF BALACHERA- HARANGAJAO SECTION OF NH-54 (EXT) FROM KM 275.00 TO KM 244.000 IN THE STATE (NHIDCL) (N24000902),Oct-17,Jun-20,Apr-24,818,887.68,873.28
PRJ_04616,Not Specified,TWO- LANE WITH PAVED SHOULDER CONFIGURATION OF IMPHAL - MOREH SECTION OF NH-39 FROM KM 330 TO KM 350 (NHIDCL) (N24001333),Sep-19,May-23,May-23,761.54,761.54,430.31
PRJ_03601,Not Specified,"6L FLYOVER AT BORAGAON, GORCHUK, LOKHRA AND BASISTHA JUNCTION ON GUWAHATI BYPASS SECTION FROM KM 146 (NHAI) (N24001432)",Dec-21,Aug-24,Aug-24,300,300,297.62
PRJ_04383,Not Specified,I AND D AND STP AT CHAPPRA (BUIDCO) (N30000028),Nov-18,Dec-20,Aug-23,236.15,236.15,138.29
PRJ_02756,Not Specified,SEWERAGE SYSTEM WITH SEWER NETWORK PATNA BEUR (BUIDCO) (N30000037),Dec-14,Mar-20,Jun-20,225.77,398.9,363.79
PRJ_04381,Not Specified,SAIDPUR SEWER NETWORK PATNA (BUIDCO) (N30000039),Apr-15,Jan-21,Jan-21,268.63,431.21,480.25
PRJ_04382,Not Specified,SEWERAGE SCHEME AT PAHARI ZONE V PATNA (BUIDCO) (N30000040),May-17,Apr-21,Apr-21,356.37,356.37,304.62
PRJ_02504,Not Specified,SEWERAGE TREATMENT PLANT AT PAHARI PATNA (BUIDCO) (N30000043),May-17,Nov-20,Nov-20,191.62,191.62,119.23
PRJ_02502,Not Specified,SEWERAGE SYSTEM WITH SEWER NETWORK PATNA KARMALICHAK (BUIDCO) (N30000044),Mar-17,May-21,May-21,277.42,277.42,345.95
PRJ_02495,Not Specified,DELHI METRO RAIL EXTENSION FROM NAJAFGARH TO DHANSA BUS STAND (DMRC) (N28000136),May-17,Dec-20,Nov-22,565,565,521.45
PRJ_14974,Not Specified,ROAD TRANSPORT AND,,,,,,936.4
PRJ_01812,Not Specified,FOUR LANING OF BHAVNAGAR-TALAJA SECTION OF NH-8E FROM KM. 7.090 TO KM. 53.585 (DESIGN CH FROM KM. 6. (NHAI) (N24000567),May-16,Aug-19,Feb-24,998.18,998.18,802.04
PRJ_04328,Not Specified,REHABILITATION AND UPGRADATION TO INTERMEDIATE LANE CONFIGURATION OF SHRI KYARI-GUMMA SECTION (KM 75 (MORTH) (N24001383),Aug-20,Apr-21,Apr-21,349.2,349.2,239.34
PRJ_03691,Not Specified,4L SUNDER NAGAR BYPASS FROM KM173.900 TO KM 179.600 OF NH-21 IN THE STATE OF HP (NHAI) (N24001810),Feb-22,Jun-24,Jun-24,190.6,163,103.48
PRJ_03047,Not Specified,CONSTRUCTION OF EMERGENCY LANDING FACILITY FROM KM. 246.60 TO KM. 249.70 ON SRINAGAR - BANIHAL SECTI (NHAI) (N24001624),Jul-19,Oct-20,Sep-24,157.05,157.05,133.21
PRJ_03179,Not Specified,MADHUBAND NLW WASHERY (BCCL) (N06000126),Aug-10,May-14,Nov-23,289.45,302,299.38
PRJ_01612,Not Specified,WIDENING TO TWO LANE WITH PAVED SHOULDER FROM KM 544.200 TO KM 594.000 OF NH-150A HOSMANE CROSS ? PA (MORTH) (N24001156),Jan-17,Sep-17,May-23,166.67,264.34,192.08
PRJ_00553,Not Specified,RECONSTRUCTION TO TWO LANE WITH PAVED SHOULDERS FROM DS. CH. 442+180 (EX. KM 448.00) TO DS. CH.485+2 (MORTH) (N24001158),Mar-18,Jun-19,Dec-23,159.97,242.61,113.15
PRJ_01567,Not Specified,WIDENING TO TWO LANE WITH PAVED SHOULDERS FROM KM 20.150 TO KM 40.00 OF BC ROAD KOTTIGEHARA SECTION (MORTH) (N24001159),Jan-18,Jul-18,Mar-22,159.7,159.7,142.88
PRJ_01632,Not Specified,WIDENING TO TWO LANE WITH PAVED SHOULDER FROM KM 194.900 TO KM 243.200 OF NH-234 BANAVARA-HULIYAR (MORTH) (N24001160),Sep-17,Oct-18,Apr-22,191.6,191.6,112.03
PRJ_01443,Not Specified,WIDENING TO TWO LANE WITH PAVED SHOULDERS FROM 24.600 TO 70.063 OF MUDIGERE TO KADUR SECTION OF NH- (MORTH) (N24001161),Dec-17,Jan-19,Apr-22,297.3,318.28,280.25
PRJ_03084,Not Specified,IMPROVEMENT AND RECONSTRUCTION TO TWO LANE WITH PAVED SHOULDERS FROM KM 489.845 (NEW KM.58.125) AN (MORTH) (N24001162),Mar-18,Oct-18,Nov-22,325.86,386.41,356.78
PRJ_04880,Not Specified,WIDENING TO 2 LANE WITH PAVED SHOULDERS FROM KM 0 TO 54 OF NH-50 UNDER EPC MODE IN THE STATE OF KARN (MORTH) (N24001164),Oct-16,Mar-17,Jul-22,396.96,396.96,329.58
PRJ_02665,Not Specified,WIDENING TO 2 LANE WITH PAVED SHOULDERS FROM KM 34.00 TO 70.900 OF NH-150 UNDER EPC MODE IN THE STAT (MORTH) (N24001165),Nov-16,Mar-17,Oct-21,314.9,314.9,233.95
PRJ_01199,Not Specified,ESTIMATE FOR WIDENING TWO LANE TO FOUR LANE FROM FROM KM.129.00 TO 144.00 OF NH-63 ANKOLA-GOOTY SECT (MORTH) (N24001168),May-18,May-18,Dec-23,171.6,171.6,134.81
PRJ_01183,Not Specified,WIDENING TO TWO LANE WITH PAVED SHOULDER FROM KM 4.40 TO KM 56.00 OF NH-218 BIJAPURA- HUBLI SECTION U (MORTH) (N24001172),Jan-17,Aug-17,Jun-22,291.49,291.49,238.77
PRJ_04330,Not Specified,WIDENING TO 2-LANE WIH PAVED SHOULDER FROM KM. 544.20 TO 594.00 (HOSAMANE CROSS TO PANDAVAPURA) SECT (MORTH) (N24001387),Jan-17,Sep-17,May-23,264.34,264.34,201.07
PRJ_01143,Not Specified,4-LANNING OF THALSERRY -MAHE BYPASS (NHAI) (N24000704),Sep-17,May-20,Feb-24,1124.11,1567.73,1520.33
PRJ_00612,Not Specified,JABALPUR TO HIREN RIVER SECTION OF NH-12 IN MADHYA PRADESH KM 11/400 TO 66/400 (MORTH) (N24000475),Nov-15,Jan-20,May-23,628.45,628.45,531.11
PRJ_14982,Not Specified,UPGRADATION OF REWA-SIRMOUR ROAD TO 2L + PS (MORTH) (N24000870),Mar-18,Mar-18,Dec-22,162.56,162.56,141.26
PRJ_05244,Not Specified,2L+PS OF THIKRI ANJAD SECTION OF NH-347B (MORTH) (N24000892),Nov-17,Jul-18,Sep-23,249.05,249.05,221.19
PRJ_04370,Not Specified,BALANCE WORK OF 4L OF INDORE- GUJARAT/MP BORDER FROM KM 106.210 TO KM 115.250 (START AND END POINT OF (NHAI) (N24001768),Aug-19,Apr-23,Nov-23,323.51,323.51,48.2
PRJ_00255,Not Specified,NAGPUR RING ROAD PACKAGE-1 (NHAI) (N24000558),Mar-16,Jul-19,Aug-24,546,546,526.26
PRJ_00657,Not Specified,BHANDARA TO GHOTITOK (MORTH) (N24001018),Jan-17,Jun-19,Jun-19,392.83,392.83,274.75
PRJ_00669,Not Specified,MEHKAR TO AJISPUR (MORTH) (N24001048),Jan-17,Jul-19,Aug-23,232.77,232.77,151.6
PRJ_00583,Not Specified,PUNE RAIGARH DISTRICT BORDER TO MANGAON (MORTH) (N24001082),Mar-18,Dec-19,Dec-23,223.46,223.46,123.46
PRJ_05258,Not Specified,CHIMUR TO WARORA (MORTH) (N24001105),Nov-16,Mar-19,Mar-19,467.7,467.7,235.04
PRJ_05263,Not Specified,PARLI PIMPLA DAHIGUDA (MORTH) (N24001138),Feb-17,Jun-19,Aug-23,205.72,205.72,85.71
PRJ_03043,Not Specified,INTEGRATED STRUCTURE WITH DEVELOPMENT OF OTHER ALLIED STRUCTURES ON BOTH SIDES OF CHANDNI CHOWK JUNC (NHAI),Feb-19,Feb-22,Jul-24,397.6,397.6,374.85
PRJ_05276,Not Specified,MARIAM - PEREN PKG- 2B (NHIDCL) (N24001351),Feb-21,Dec-22,Mar-24,232.26,232.26,156.93
PRJ_05276,Not Specified,MARIAM - PEREN (PKG 2A) (NHIDCL) (N24001398),Jul-21,Mar-23,Mar-23,204.58,204.58,126.78
PRJ_05273,Not Specified,IMPHAL ? MOREH (PACKAGE 4) (NHIDCL) (N24001399),Mar-21,Jan-23,May-24,277.99,277.99,146.35
PRJ_11352,Not Specified,1093,,Mar-19,Mar-19,,,306.28
PRJ_04150,Not Specified,CONSTRUCTION OF TWO LANE WITH PAVED SHOULDER OF SELLING-DULTE SECTION OF NH-06 (PKG-IV) (NHIDCL) (N24001283),Mar-20,Jul-22,Jan-24,281.78,253.41,237.91
PRJ_05294,Not Specified,DULTE- KWALKULH - CHAMPAI PKG.1 (NHIDCL) (N24001355),Mar-21,Dec-22,Mar-24,374.39,374.39,291.91
PRJ_05294,Not Specified,DULTE- KWALKULH - CHAMPAI PKG.2 (NHIDCL) (N24001356),Mar-21,Dec-22,Apr-24,233.25,233.25,175.27
PRJ_05294,Not Specified,DULTE- KWALKULH - CHAMPAI PKG.3 (NHIDCL) (N24001357),Mar-21,Jun-23,Jan-24,674.71,674.71,589.25
PRJ_00498,Not Specified,HVDC BIPOLE LINK BETWEEN WR AND SR -NORTH TRICHUR - SCHEME -II AC SYSTEM STRENGTHENING AT PUGALUR EN (PGCIL) (N18000264),Aug-17,Feb-20,Sep-24,1931.39,2635.55,1973.12
PRJ_03187,Not Specified,RELIABLE COMMUNICATION SCHEME UNDER CENTRAL SECTOR FOR NORTHERN REGION (PGCIL) (N18000317),Nov-18,Nov-21,Jun-24,241.38,241.38,243.75
PRJ_04563,Not Specified,AUGMENTATION OF TRANSFORMATION CAPACITY IN SOUTHERN REGION. (PGCIL) (N18000329),Mar-22,Mar-23,Mar-24,176.22,176.22,95.43
PRJ_04307,Not Specified,RELIABLE COMMUNICATION SCHEME UNDER CENTRAL SECTOR FOR SOUTHERN REGION (PGCIL) (N18000339),Nov-18,Nov-21,Jun-23,173.94,173.94,130.76
PRJ_04311,Not Specified,POWERGRID NEEMUCH TRANSMISSION SYSTEM LIMITED (PGCIL) (N18000341),Aug-22,Feb-24,Mar-24,863.99,863.99,547.13
PRJ_03200,Not Specified,PHULERA - DIGANA DOUBLING (NWR) (N22000326),May-15,Mar-20,Apr-24,600,701.81,718.14
PRJ_15008,Not Specified,1182,,Mar-23,Mar-23,,,185.27
PRJ_02484,Not Specified,CONSTRUCTION OF 2 LANE WITH PAVED SHOULDER FROM KM. 168 TO 183.783 (YESEMYONG TO UNGER) ON MOKOKCHUN (MORTH) (N24001179),Mar-17,Nov-20,Feb-23,217.35,217.35,214.18
PRJ_02482,Not Specified,WIDENING OF EXISTING SINGLE/INTERMEDIATE LANE ROAD TO 2 LANE ROAD FROM KM. 83.00 TO KM 101.00 ON NH- (MORTH) (N24001180),Mar-19,Dec-22,Jan-23,237.51,237.51,201.2
PRJ_03882,Not Specified,2 LANING OF KOHIMA - JESSAMI SECTION (PACKAGE I) (NHIDCL) (N24001280),Mar-20,Jun-22,Sep-23,320.97,320.97,182.21
PRJ_04354,Not Specified,2-LANING OF CHANGTONGYA TO LONGLENG ROAD OF NH-702 (PKG-I) (NHIDCL) (N24001286),Mar-20,Jun-22,Jun-23,278.95,278.95,166.29
PRJ_15029,Not Specified,1239,,Sep-19,Sep-19,,,225.79
PRJ_03048,Not Specified,BALANCE WORK OF PANIKOILI RIMULI SECTION OF NEW NH- 20 FROM KM 0.00 TO KM. 163.000 (NHAI) (N24001647),Aug-20,Mar-22,Jul-24,200,154.73,137.04
PRJ_15063,Not Specified,1342,,Dec-20,Dec-20,,,366.85
PRJ_04063,Not Specified,TRANSMISSION SYSTEM STRENGTHENING SCHEME FOR EVACUATION OF POWER FROM SOLAR ENERGY ZONES IN RAJASTHA (PGCIL) (N18000303),Mar-21,Dec-22,Dec-23,353.85,353.85,273.06
PRJ_04063,Not Specified,TRANSMISSION SYSTEM STRENGTHENING SCHEME FOR EVACUATION OF POWER FROM SOLAR ENERGY ZONES IN RAJASTHA (PGCIL) (N18000304),Mar-21,Dec-22,Jul-23,1340.81,1340.81,1318.34
PRJ_09377,Not Specified,"TRANSMISSION SYSTEM FOR PROVIDING CONNECTIVITY TO RE PROJECTS AT BIKANER (PG), FATEHGARH-II AND BHAD (PGCIL)",Jan-20,Jan-21,May-23,562.86,545.88,409.38
PRJ_03402,Not Specified,SCHEME TO RELIEVE HIGH LOADING OF WR-NR INTER REGIONAL CORRIDOR (PGCIL) (N18000371),Feb-23,May-24,Jun-24,200.58,200.58,134.39
PRJ_15077,Not Specified,1381,,Feb-97,Feb-97,,,410.08
PRJ_00346,Not Specified,SIX-LANNING OF GREENFIELD PROPOSED UDAIPUR BYPASS PKG-IV (NHAI) (N24000691),Apr-17,Apr-20,Jul-24,894,929.32,915.67
PRJ_03222,Not Specified,SANGARIYA (NEAR CHAUTALA)-RASISAR (NEAR BIKANER) (PHASE-I) (AJ/SR- PACKAGE-2) (NHAI) (N24001560),Feb-19,Oct-23,May-24,755.16,755.16,933.75
PRJ_04189,Not Specified,DEOGARH (NEAR DHANDHANIYA)- RAJASTHAN/GUJARAT BORDER (PHASE-I) (AJ/DRGB-PACKAGE- 8) (NHAI) (N24001561),Oct-19,Oct-23,May-24,839.63,839.63,194.83
PRJ_03222,Not Specified,SANGARIYA (NEAR CHAUTALA)-RASISAR (NEAR BIKANER) (PHASE-I) (AJ/SR- PACKAGE-1) (NHAI) (N24001562),Feb-19,Oct-23,May-24,738.9,738.9,891.1
PRJ_04363,Not Specified,DELHI-VADODARA GREENFIELD ALIGNMENT (NH- 148N) (PKG-11) (CH. 319.400 TO CH. 331.030) [HARDEOGANJ VILL (NHAI) (N24001566),Nov-19,May-23,Jun-23,1640.1,1640.1,1159.13
PRJ_04367,Not Specified,DELHI-VADODARA GREENFIELD ALIGNMENT (NH- 148N) (PKG-12) (CH. 331.030 TO CH. 359.170) [MAJOR BRIDGE ON (NHAI) (N24001569),Nov-19,Mar-23,Jun-24,1425.02,1425.02,1365.31
PRJ_05377,Not Specified,1419,,Nov-19,Nov-19,,,952.57
PRJ_08710,Not Specified,CONSTUCTION/UPGRA DATION OF EXISTING HIGHWAY TO 2 LANE WITH PAVED SHOULDER FROM KM 26.10 TO KM 40.00 (NHIDCL) (N24001254),Mar-20,Jun-22,Jan-24,242.97,244.45,246.91
PRJ_15091,Not Specified,1450,,Aug-18,Aug-18,,,951.28
PRJ_07005,Not Specified,1453,,Nov-17,Nov-17,,,348.77
PRJ_15100,Not Specified,1468,,May-17,May-17,,,186.17
PRJ_03039,Not Specified,WIDENING EXISTING 2 LANE TO 4 LANE WITH PAVED SHOULDER INCLUDING STRENGTHENING CARRIAGEWAY FROM KM 8 (MORTH),Aug-20,Feb-21,May-24,302.62,345.62,324.68
PRJ_03901,Not Specified,4-LANING OF ODDANCHATRAM - MADATHUKULAM SECTION OF NH-209 (NEW NH-83) (NHAI) (N24001603),Jan-19,Oct-22,Dec-23,1518.53,1607.54,915.4
PRJ_04369,Not Specified,"REMAINING WORK OF 2L+PS OF TRICHY - KARAIKUDI SECTION OF NH-210, INCLUDING TRICHY BYPASS (NHAI) (N24001604)",Feb-19,Mar-21,Oct-23,166.9,166.9,121.94
PRJ_15115,Not Specified,1520,,Feb-09,Feb-09,,,14600
PRJ_12455,Not Specified,1521,,Jun-16,Jun-16,,,3770
PRJ_15116,Not Specified,1522,,May-20,May-20,,,353.61
PRJ_15125,Not Specified,1533,,Jan-16,Jan-16,,,10598.98
PRJ_01157,Not Specified,WIDEINING TO TWO/FOUR LANE WITH PAVED SHOULDERS FROM EXISTING KM 180.60 TO KM 223.00 OF NH- 63 ON NIZ (MORTH) (N24000981),Oct-16,Mar-19,Aug-24,248.83,248.83,173.82
PRJ_04356,Not Specified,2-LANING OF KHOWAI -AGARTALA SECTION FROM DESIGN KM 31.300 TO KM 45.300 OF NH-208A PKG-3 (NHIDCL) (N24001318),Sep-20,Apr-22,Oct-23,173.17,173.17,93.28
PRJ_04345,Not Specified,ALLAHGANJ TO MIRANPUR KATRA SECTION OF NH-730C FROM KM.52.770 TO 114.00 (MORTH) (N24001463),Apr-20,Jul-24,Feb-24,294.84,294.84,250.06
PRJ_15158,Not Specified,1711,,May-17,May-17,,,767.59
PRJ_15160,Not Specified,1713,,Mar-18,Mar-18,,,967.23
PRJ_15162,Not Specified,1715,,Dec-17,Dec-17,,,460.45
PRJ_15164,Not Specified,1717,,Jan-19,Jan-19,,,206.05
PRJ_00628,Not Specified,RECONSTRUCTION WITH GEOMETRIC IMPROVEMENT OF EXISTING 2 LANE/INTERMEDIATE LANE TO 2LANE WITH PAVED S (MORTH) (N24000772),Dec-17,Dec-19,Dec-19,257.34,257.34,232.69
PRJ_00628,Not Specified,RECONSTRUCTION WITH GEOMETRIC IMPROVEMENT OF EXISTING 2 LANE/INTERMEDIATE LANE TO 2LANE WITH PAVED S (MORTH) (N24000773),Dec-17,Dec-19,Dec-19,200.34,200.34,227.98
PRJ_00629,Not Specified,WIDENING OF EXISTING SINGLE LANE ROAD TO TWO LANE WITH PAVED SHOULDERS CONFIGURATION FROM KM. 235.00 (MORTH) (N24000774),Dec-17,Dec-19,Dec-19,248.22,248.22,236.8
PRJ_00628,Not Specified,RECONSTRUCTION WITH GEOMETRIC IMPROVEMENT OF EXISTING 2 LANE/INTERMEDIATE LANE TO 2LANE WITH PAVED S (MORTH) (N24000775),Jun-17,Jun-19,Mar-23,282.08,282.08,234.97
PRJ_00630,Not Specified,RECONSTRUCTION WITH GEOMETIC IMPROVEMENT OF EXISTING TWO LANE TO 2- LANE WITH PAVED SHOULDERS CONFIG (MORTH) (N24000776),Nov-17,Nov-19,Nov-19,232.81,232.81,201.58
PRJ_02641,Not Specified,RECONSTRUCTION WITH GEOMETIC IMPROVEMENT OF SINGLE LANE TO 2- LANE WITH PAVED SHOULDER CONFIGURATION (MORTH) (N24000777),Nov-17,Nov-19,Nov-19,283.51,283.51,278.51
PRJ_00628,Not Specified,RECONSTRUCTION WITH GEOMETRIC IMPROVEMENT OF EXISTING SINGLE/INTERMEDIATE LANE TO 2LANE WITH PAVED S (MORTH) (N24000778),Nov-17,Nov-19,Nov-19,266.52,266.52,250.34
PRJ_01526,Not Specified,REHABILITATION AND UP GRADATION OF 2 LANE/ 2 LANE WITH PAVED SHOULDER FROM EXISTING KM. 172.900 TO K (MORTH) (N24000780),Feb-18,Apr-23,Apr-23,293.68,293.68,244.25
PRJ_05485,Not Specified,1746,,Aug-16,Aug-16,,,234.88
PRJ_05489,Not Specified,1750,,Mar-17,Mar-17,,,158
PRJ_05490,Not Specified,1751,,Jan-16,Jan-16,,,458
PRJ_05491,Not Specified,1752,,Jan-19,Jan-19,,,389.71
PRJ_15174,Not Specified,1785,,Dec-15,Dec-15,,,1083
PRJ_15178,Not Specified,1796,,Dec-18,Dec-18,,,2375.87
PRJ_02501,Not Specified,"INTERCEPTION, DIVERSION AND TREATMENT WORKS AT HOWRAH (KMDA) (N30000045)",Aug-17,Dec-21,Feb-24,185.22,185.22,49.99
PRJ_02755,Not Specified,SEWERAGE SYSTEM AND STP WORKS AT HALISHAHR (KMDA) (N30000046),Feb-14,Dec-19,Dec-19,274.76,274.76,260.69
PRJ_02753,Not Specified,SEWERAGE SYSTEM WITH SEWER NETWORK AT BARRACKPORE (KMDA) (N30000047),Dec-14,Apr-20,Jun-22,272.32,272.32,302.99
PRJ_02500,Not Specified,"INTERCEPTION, DIVERSION AND TREATMENT WORKS AT BARANAGAR AND KAMARAHATI (KMDA) (N30000048)",Jan-18,Dec-21,Feb-24,172.1,172.1,47.2
PRJ_00084,Not Specified,CIVIL AVIATION,,,,,,417.23
PRJ_00084,Not Specified,CIVIL AVIATION,,,,,,177.1
PRJ_14975,Not Specified,DEPARTMENT OF,,,,,,496.18
PRJ_00084,Not Specified,CIVIL AVIATION,,,,,,303.8
PRJ_02851,Not Specified,HOME AFFAIRS,,,,,,1219.21
PRJ_00084,Not Specified,CIVIL AVIATION,,,,,,1405
PRJ_00102,Not Specified,SECTOR,,,,,,
PRJ_14975,Not Specified,DEPARTMENT OF,,,,,,851
PRJ_00097,Not Specified,URBAN DEVELOPMENT,,,,,,5181.79
PRJ_00084,Not Specified,CIVIL AVIATION,,,,,,412.24
PRJ_14975,Not Specified,DEPARTMENT OF,,,,,,223.37
PRJ_02852,Not Specified,FINANCE,,,,,,348.77
PRJ_00097,Not Specified,URBAN DEVELOPMENT,,,,,,14600
PRJ_00084,Not Specified,CIVIL AVIATION,,,,,,353.61
PRJ_00090,Not Specified,POWER,,,,,,10598.98
PRJ_00084,Not Specified,CIVIL AVIATION,,,,,,456.86
PRJ_00098,Not Specified,WATER RESOURCES,,,,,,158
PRJ_00084,Not Specified,CIVIL AVIATION,,,,,,458
PRJ_00084,Not Specified,CIVIL AVIATION,,,,,,417.23
PRJ_00084,Not Specified,CIVIL AVIATION,,,,,,177.1
PRJ_02850,Not Specified,DEPARTMENT OF HIGHER EDUCATION,,,,,,496.18
PRJ_00084,Not Specified,CIVIL AVIATION,,,,,,303.8
PRJ_00102,Not Specified,SECTOR,,,,,,
PRJ_02850,Not Specified,DEPARTMENT OF HIGHER EDUCATION,,,,,,851
PRJ_00092,Not Specified,HEALTH AND FAMILY WELFARE,,,,,,150.29
PRJ_00097,Not Specified,URBAN DEVELOPMENT,,,,,,5181.79
PRJ_00084,Not Specified,CIVIL AVIATION,,,,,,412.24
PRJ_00084,Not Specified,CIVIL AVIATION,,,,,,475.39
PRJ_02850,Not Specified,DEPARTMENT OF HIGHER EDUCATION,,,,,,223.37
PRJ_02852,Not Specified,FINANCE,,,,,,348.77
PRJ_00097,Not Specified,URBAN DEVELOPMENT,,,,,,14600
PRJ_00084,Not Specified,CIVIL AVIATION,,,,,,353.61
PRJ_00084,Not Specified,CIVIL AVIATION,,,,,,456.86
PRJ_00098,Not Specified,WATER RESOURCES,,,,,,158
PRJ_00108,Not Specified,BIHAR,,,,96107.99,96107.99,
PRJ_00090,Not Specified,POWER,,,,,,1466.21
PRJ_00084,Not Specified,CIVIL AVIATION,,,,,,417.23
PRJ_00084,Not Specified,CIVIL AVIATION,,,,,,177.1
PRJ_00090,Not Specified,POWER,,,,,,1466.21
PRJ_02850,Not Specified,DEPARTME NT OF HIGHER EDUCATION,,,,,,496.18
PRJ_00089,Not Specified,PETROLEUM,,,,,,359.25
PRJ_00102,Not Specified,SECTOR,,,,,,
PRJ_00084,Not Specified,CIVIL AVIATION,,,,,,303.8
PRJ_02856,Not Specified,RENEWABL E ENERGY,,,,,,271.9
PRJ_05216,Not Specified,ROAD TRANSPORT,,,,,,936.4
PRJ_00083,Not Specified,ATOMIC ENERGY,,,,,,
PRJ_05216,Not Specified,ROAD TRANSPORT,,,,,,998.18
PRJ_00090,Not Specified,POWER,,,,,,267.33
PRJ_00099,Not Specified,DEFENCE PRODUCTIO N,,,,,,246.31
PRJ_02850,Not Specified,DEPARTME NT OF HIGHER EDUCATION,,,,,,885.26
PRJ_02850,Not Specified,DEPARTME NT OF HIGHER EDUCATION,,,,,,165.23
PRJ_00089,Not Specified,PETROLEUM,,,,,,1507.24
PRJ_05216,Not Specified,ROAD TRANSPORT,,,,,,804.97
PRJ_00097,Not Specified,URBAN DEVELOPME,,,,,,5181.79
PRJ_00089,Not Specified,PETROLEUM,,,,,,109.76
PRJ_05216,Not Specified,ROAD TRANSPORT,,,,,,628.45
PRJ_00084,Not Specified,CIVIL AVIATION,,,,,,475.39
PRJ_02850,Not Specified,DEPARTME NT OF HIGHER EDUCATION,,,,,,223.37
PRJ_00089,Not Specified,PETROLEUM,,,,,,243.53
PRJ_05216,Not Specified,ROAD TRANSPORT,,,,,,929.32
PRJ_02852,Not Specified,FINANCE,,,,,,205.72
PRJ_00090,Not Specified,POWER,,,,,,186.17
PRJ_00097,Not Specified,URBAN DEVELOPME,,,,,,17619.68
PRJ_00084,Not Specified,CIVIL AVIATION,,,,,,353.61
PRJ_00090,Not Specified,POWER,,,,,,10598.98
PRJ_05216,Not Specified,ROAD TRANSPORT,,,,,,247.76
PRJ_00098,Not Specified,WATER RESOURCES,,,,,,767.59
PRJ_00098,Not Specified,WATER RESOURCES,,,,,,104.53
PRJ_05216,Not Specified,ROAD TRANSPORT,,,,,,1414.01
PRJ_00090,Not Specified,POWER,,,,,,1466.21
PRJ_00084,Not Specified,CIVIL AVIATION,,,,,,417.23
PRJ_00084,Not Specified,CIVIL AVIATION,,,,,,177.1
PRJ_00090,Not Specified,POWER,,,,,,1466.21
PRJ_05219,Not Specified,DEPARTMENT,,,,,,496.18
PRJ_00084,Not Specified,CIVIL AVIATION,,,,,,303.8
PRJ_02851,Not Specified,HOME AFFAIRS,,,,,,1219.21
PRJ_00083,Not Specified,ATOMIC ENERGY,,,,,,
PRJ_00102,Not Specified,SECTOR,,,,,,
PRJ_00090,Not Specified,POWER,,,,,,267.33
PRJ_05219,Not Specified,DEPARTMENT,,,,,,886.26
PRJ_00097,Not Specified,URBAN DEVELOPMEN,,,,,,5181.79
PRJ_00084,Not Specified,CIVIL AVIATION,,,,,,412.24
PRJ_00090,Not Specified,POWER,,,,,,646.17
PRJ_00084,Not Specified,CIVIL AVIATION,,,,,,475.39
PRJ_05219,Not Specified,DEPARTMENT,,,,,,223.37
PRJ_00093,Not Specified,RAILWAYS,,,,,,410.08
PRJ_02852,Not Specified,FINANCE,,,,,,348.77
PRJ_00090,Not Specified,POWER,,,,,,186.17
PRJ_00097,Not Specified,URBAN DEVELOPMEN,,,,,,17619.68
PRJ_00084,Not Specified,CIVIL AVIATION,,,,,,353.61
PRJ_00090,Not Specified,POWER,,,,,,10598.98
PRJ_00084,Not Specified,CIVIL AVIATION,,,,,,456.86
PRJ_00098,Not Specified,WATER RESOURCES,,,,,,105.88
PRJ_02855,Not Specified,DONER,,,,,,151.33
PRJ_05216,Not Specified,ROAD TRANSPORT,,,,,,157.86
PRJ_00084,Not Specified,CIVIL AVIATION,,,,,,417.23
PRJ_00084,Not Specified,CIVIL AVIATION,,,,,,177.1
PRJ_02850,Not Specified,DEPARTMENT OF HIGHER EDUCATION,,,,,,496.18
PRJ_02850,Not Specified,DEPARTMENT OF HIGHER EDUCATION,,,,,,808.62
PRJ_00089,Not Specified,PETROLEUM,,,,,,456
PRJ_00084,Not Specified,CIVIL AVIATION,,,,,,303.8
PRJ_02853,Not Specified,DPIIT,,,,,,4773
PRJ_02851,Not Specified,HOME AFFAIRS,,,,,,1219.21
PRJ_00102,Not Specified,SECTOR,,,,,,
PRJ_00089,Not Specified,PETROLEUM,,,,,,325.53
PRJ_00084,Not Specified,CIVIL AVIATION,,,,,,1405
PRJ_00093,Not Specified,RAILWAYS,,,,,,2500
PRJ_00092,Not Specified,HEALTH AND FAMILY WELFARE,,,,,,150.29
PRJ_00084,Not Specified,CIVIL AVIATION,,,,,,412.24
PRJ_00084,Not Specified,CIVIL AVIATION,,,,,,475.39
PRJ_02850,Not Specified,DEPARTMENT OF HIGHER EDUCATION,,,,,,223.37
PRJ_02855,Not Specified,DONER,,,,,,151.33
PRJ_00093,Not Specified,RAILWAYS,,,,,,404
PRJ_02852,Not Specified,FINANCE,,,,,,348.77
PRJ_00084,Not Specified,CIVIL AVIATION,,,,,,353.61
PRJ_00090,Not Specified,POWER,,,,,,10598.98
PRJ_00084,Not Specified,CIVIL AVIATION,,,,,,456.86
PRJ_00098,Not Specified,WATER RESOURCES,,,,,,158
PRJ_00084,Not Specified,CIVIL AVIATION,,,,,,458
PRJ_03726,Not Specified,4L GREENFIELD ALIGNMENT OF SHIVRAMPUR TO RAMNAGAR FROM KM. 55.002 TO KM. 109.300 OF NH 119 D (PKG-I,,,,,,
PRJ_06301,Not Specified,CITY GAS DISTRIBUTION NETWORK PROJECT AT JAGATSINGHPUR AND KENDRAPARA - [N16000465,Apr-19,,,485.91,485.91,156.89
PRJ_03044,Not Specified,"CONSTRUCTION OF 4-LANE NH-344P-PACKAGE-4 (FROM KM 0+000 TO KM 29+600, 29.6KM), STARTING FROM BAWANA - [N24001532",Nov-21,,,694,694,1282.82
PRJ_00289,Not Specified,4-LANING OF GOA/KARNATAKA BORDER- KUNDAPUR SECTION - [N24000462,May-14,,,2639,2639,59.46
PRJ_02700,Not Specified,REHABILITATION AND UPGRADATION OF NH 43 KANKER TO BEDMA SECTION KM. 130 TO 180 - [N24001217,Jan-16,,,572.66,572.66,15.19
PRJ_01351,Not Specified,"SUBANSIRI LOWER H.E.P (8X250 MW) (NHPC) - [180100221]NHPC,ARUNACHAL PRADESH",Sep-03,,,21247.54,21247.54,20833.88
PRJ_02700,Not Specified,"REHABILITATION AND UPGRADATION OF NH 43 KANKER TO BEDMA SECTION KM. 130 TO 180 - [N24001217]MORTH,CHHATTISGARH",Jan-16,,,572.66,572.66,340.76
PRJ_01427,Not Specified,"EPC- CORRIDOR APPROACH WORKS - NH (O): WIDENING EXISTING 2 LANE TO 2 LANE WITH PAVED SHOULDERS IN KM - [N24000248]MORTH,TELANGANA",Mar-15,,,,,
PRJ_00084,Not Specified,CIVIL AVIATION,,,,,,417.23
PRJ_00084,Not Specified,CIVIL AVIATION,,,,,,177.1
PRJ_10714,Not Specified,DEPARTMEN T OF HIGHER,,,,,,496.18
PRJ_00084,Not Specified,CIVIL AVIATION,,,,,,303.8
PRJ_02851,Not Specified,HOME AFFAIRS,,,,,,1219.21
PRJ_00094,Not Specified,ROAD TRANSPORT AND HIGHWAYS,,,,,,936.4
PRJ_00083,Not Specified,ATOMIC ENERGY,,,,,,11459
PRJ_00102,Not Specified,SECTOR,,,,,,
PRJ_10714,Not Specified,DEPARTMEN T OF HIGHER,,,,,,851
PRJ_00097,Not Specified,URBAN DEVELOPME NT,,,,,,5181.79
PRJ_00084,Not Specified,CIVIL AVIATION,,,,,,412.24
PRJ_00090,Not Specified,POWER,,,,,,646.17
PRJ_00084,Not Specified,CIVIL AVIATION,,,,,,475.39
PRJ_10714,Not Specified,DEPARTMEN T OF HIGHER,,,,,,223.37
PRJ_02852,Not Specified,FINANCE,,,,,,348.77
PRJ_00097,Not Specified,URBAN DEVELOPME NT,,,,,,14600
PRJ_00084,Not Specified,CIVIL AVIATION,,,,,,353.61
PRJ_00090,Not Specified,POWER,,,,,,10598.98
PRJ_00098,Not Specified,WATER RESOURCES,,,,,,767.59
PRJ_00084,Not Specified,CIVIL AVIATION,,,,,,456.86
PRJ_00098,Not Specified,WATER RESOURCES,,,,,,158
PRJ_00084,Not Specified,CIVIL AVIATION,,,,,,458
